"class","lucc","cols","R","G","B","x","y"
1,"植被","darkgreen",44.1152057838862,67.1854078208759,31.4130936225607,-9215107.1273,3238210.6133
2,"民居","orange",191.170879976322,171.170879976322,135.889248299412,-9215198.1273,3238424.6133
2,"民居","orange",120.513684323989,99.8610856262967,80.8582119964268,-9215159.1273,3238319.1133
6,"泳池","blue",153.267743407612,219.368202666085,224.747275175262,-9215081.1273,3238379.6133
6,"泳池","blue",86.8465326964664,207.549610925886,222.259135539543,-9215172.1273,3238340.6133
5,"道路","gray",211.90460466007,209.907771724653,129.879267966652,-9215086.6273,3238304.1133
1,"植被","darkgreen",44.6526325373494,62.2433673861021,27.3339595751903,-9215213.1273,3238269.6133
5,"道路","gray",193.327822450548,193.323061718346,181.365551484749,-9215179.6273,3238297.1133
1,"植被","darkgreen",29.3454312684406,49.9762489984203,26.7513731056176,-9215145.6273,3238379.1133
1,"植被","darkgreen",108.103593242072,135.619736836009,78.2088228381526,-9215151.6273,3238401.1133
2,"民居","orange",179.688271659976,153.779341244689,111.578052823666,-9215157.6273,3238230.1133
2,"民居","orange",203.327524542809,185.774617981658,140.957814442486,-9215160.1273,3238228.6133
5,"道路","gray",157.670610320754,155.948745838366,141.226881355979,-9215074.6273,3238305.1133
2,"民居","orange",156.527864622529,121.18439848098,89.0099218103011,-9215102.1273,3238350.6133
2,"民居","orange",184.021838139743,170.021838139743,135.021838139743,-9215201.6273,3238324.1133
4,"球场","lightblue",114.850173719074,137.071024134632,154.543471418198,-9215167.1273,3238369.6133
2,"民居","orange",192.107565441244,186.091629281009,149.873432655188,-9215200.1273,3238332.6133
5,"道路","gray",88.3239122703671,92.4074918791476,89.2201973579736,-9215072.1273,3238307.1133
1,"植被","darkgreen",74.804113052906,77.5301506418682,47.5618344276487,-9215120.6273,3238213.6133
1,"植被","darkgreen",89.8249772396815,109.08740762962,58.188669618711,-9215104.1273,3238213.1133
1,"植被","darkgreen",18.0805362068851,21.0851414781064,11.349268572405,-9215213.6273,3238280.1133
6,"泳池","blue",54.017395566445,179.18276279254,200.778779264994,-9215171.6273,3238342.1133
2,"民居","orange",182.807876339338,159.54275446036,121.40502362908,-9215172.6273,3238316.1133
7,"水体","black",11,15,16,-9215058.6273,3238252.1133
5,"道路","gray",192.415363219649,191.415363219649,186.415363219649,-9215179.1273,3238300.1133
3,"车库","white",254.591722958956,254,253.475110248897,-9215171.6273,3238413.1133
2,"民居","orange",199.79369740623,186.008571159718,150.578823652742,-9215199.6273,3238323.1133
1,"植被","darkgreen",40.7619637140829,49.8835869442496,28.630581077082,-9215212.1273,3238277.1133
7,"水体","black",17,19,16,-9215083.6273,3238357.1133
7,"水体","black",17,19,16,-9215082.6273,3238357.6133
5,"道路","gray",135.422722133799,133.422722133799,118.690815176336,-9215071.6273,3238304.6133
2,"民居","orange",199.642249665507,177.784439583877,140.259086919585,-9215205.1273,3238424.6133
2,"民居","orange",165.241540151061,143.64881410989,101.579651673324,-9215170.6273,3238230.6133
1,"植被","darkgreen",117.181313559413,130.924132421465,76.6509133755775,-9215150.1273,3238406.6133
5,"道路","gray",98.6152120232582,100.615212023258,97.6152120232582,-9215131.6273,3238287.1133
5,"道路","gray",196.919128911469,195.919128911469,190.919128911469,-9215178.1273,3238300.1133
4,"球场","lightblue",133.406785008498,152.460265153088,168.460265153088,-9215171.6273,3238368.6133
5,"道路","gray",133.188963230699,133.980998490006,127.376855169081,-9215078.6273,3238304.1133
2,"民居","orange",164.726675855927,141.19776739526,101.672891462621,-9215200.1273,3238426.6133
7,"水体","black",11,15,16,-9215058.1273,3238250.1133
2,"民居","orange",164.304896946872,141.109365748117,101.324057789436,-9215158.1273,3238316.6133
1,"植被","darkgreen",116.329218341163,145.18521724184,80.6291703517556,-9215152.1273,3238403.1133
4,"球场","lightblue",147.996084564085,165.321318366378,182.321318366378,-9215166.1273,3238372.6133
5,"道路","gray",159.483890978211,159.620764093269,152.296358585153,-9215078.1273,3238305.1133
4,"球场","lightblue",127.977160905096,148.01660573909,164.026296555996,-9215171.6273,3238368.1133
2,"民居","orange",137.446437849818,106.005721648378,92.4489103492034,-9215104.1273,3238352.1133
1,"植被","darkgreen",85.7935279702019,98.8755069874317,68.9223146104436,-9215209.6273,3238268.6133
1,"植被","darkgreen",89.1249954638702,94.3295854700629,50.0978295143293,-9215099.1273,3238212.6133
2,"民居","orange",186.031394160867,172.031394160867,137.031394160867,-9215202.1273,3238330.6133
1,"植被","darkgreen",70.6403184722826,82.9495234171157,58.3418382606093,-9215209.6273,3238271.1133
1,"植被","darkgreen",60.4182272187725,72.773299102457,35.6593423557759,-9215126.1273,3238210.6133
1,"植被","darkgreen",71.8393591577195,84.3894236404465,49.2896876024714,-9215118.1273,3238213.1133
6,"泳池","blue",144.649072938824,219.084976896644,226.786926727967,-9215083.6273,3238379.1133
4,"球场","lightblue",152.730288167742,169.809206556529,186.460499600765,-9215175.1273,3238372.1133
1,"植被","darkgreen",74.896336082765,95.0065831098939,63.5629920738385,-9215230.1273,3238436.1133
5,"道路","gray",108.155977846609,113.155977846609,109.628696169169,-9215095.1273,3238306.1133
1,"植被","darkgreen",91.5875931714113,107.02167978209,56.8480887753113,-9215111.6273,3238212.6133
1,"植被","darkgreen",69.0432635246689,82.9232850034541,49.9252626159141,-9215209.6273,3238273.1133
6,"泳池","blue",148.374050327577,219.209633613005,224.636763865925,-9215083.1273,3238381.1133
2,"民居","orange",165.906054784499,142.109667898141,102.905420459747,-9215167.1273,3238231.1133
3,"车库","white",254.51273642304,254.51273642304,253.85781103549,-9215171.6273,3238417.1133
5,"道路","gray",128.9117084397,130.8210284311,122.707531247442,-9215075.1273,3238306.1133
2,"民居","orange",167.165772661567,140.505075842965,108.986341149437,-9215156.1273,3238317.1133
2,"民居","orange",201.419183748774,179.576634530909,137.92451648321,-9215207.1273,3238424.1133
1,"植被","darkgreen",59.6411825008397,79.6254291012548,45.1627972721719,-9215229.6273,3238438.6133
5,"道路","gray",122.645762861547,127.645762861547,120.645762861547,-9215092.1273,3238304.6133
2,"民居","orange",206.156863085926,183.156863085926,140.875817447901,-9215164.1273,3238228.1133
5,"道路","gray",188.176616657525,188.176616657525,176.803926521917,-9215181.1273,3238296.1133
2,"民居","orange",177.165046977899,150.592121551833,116.737972403964,-9215156.1273,3238319.6133
2,"民居","orange",194.090333425151,187.380440309998,145.792264831042,-9215200.1273,3238331.1133
2,"民居","orange",104.030378824536,83.0303788245363,62.0303788245363,-9215166.6273,3238320.1133
2,"民居","orange",173.793613840035,157.932076109994,126.496751768795,-9215161.6273,3238318.1133
5,"道路","gray",111.146169372834,115.146169372834,114.285052379593,-9215093.1273,3238306.6133
1,"植被","darkgreen",42.7181743704642,51.4399973913168,33.3012324124575,-9215212.6273,3238278.1133
2,"民居","orange",115.289806951893,95.3686500142846,78.3831595326878,-9215159.6273,3238319.1133
4,"球场","lightblue",125.830397435169,147.229215179275,163.14441389686,-9215171.6273,3238371.6133
4,"球场","lightblue",102.331285985187,123.74810590992,147.74810590992,-9215174.1273,3238370.1133
1,"植被","darkgreen",65.2923646225568,83.641646820211,46.7604287458835,-9215223.6273,3238436.1133
1,"植被","darkgreen",68.0538441745239,89.0915796062502,48.0941383008601,-9215223.6273,3238437.1133
1,"植被","darkgreen",88.4214682730186,102.448161872592,63.8610187091205,-9215208.1273,3238267.6133
5,"道路","gray",109.44345975072,113.516167141132,113.516167141132,-9215093.1273,3238306.6133
4,"球场","lightblue",104.907289840281,128.645584359765,147.383878879249,-9215168.1273,3238371.1133
1,"植被","darkgreen",99.2174780782179,128.185042193732,66.7825219217821,-9215155.1273,3238403.6133
2,"民居","orange",157.157328323423,125.388510432988,99.7318909973648,-9215102.1273,3238349.1133
2,"民居","orange",183.6772292573,169.6772292573,134.6772292573,-9215201.6273,3238328.6133
1,"植被","darkgreen",23.19503601629,47.4322089515053,20.4588534278078,-9215144.6273,3238379.1133
1,"植被","darkgreen",77.8943266058401,88.6844334108815,60.5373381613123,-9215101.6273,3238209.6133
7,"水体","black",16.3594123534858,18.3594123534858,16,-9215081.1273,3238357.6133
5,"道路","gray",104.895317334253,109.207552100103,110.941659736019,-9215095.6273,3238306.6133
1,"植被","darkgreen",47.355710366783,68.2259282978528,23.858534500045,-9215104.1273,3238212.1133
2,"民居","orange",107.585427630771,90.4746055233832,70.2875581049213,-9215161.6273,3238320.1133
2,"民居","orange",205.251375806459,189.27458919672,146.675080978252,-9215161.1273,3238229.1133
5,"道路","gray",104.779300322421,109.087887688205,109.087887688205,-9215083.6273,3238303.1133
1,"植被","darkgreen",70.1899038381133,83.1899038381133,53.6335034291449,-9215209.1273,3238274.6133
1,"植被","darkgreen",77.4771379952675,84.5710649297929,40.0148319091395,-9215124.1273,3238213.6133
1,"植被","darkgreen",120.358988160647,133.934017534747,77.4624048141863,-9215150.1273,3238406.6133
1,"植被","darkgreen",30.2656263432317,35.3915043241736,26.3722569136191,-9215216.1273,3238276.6133
2,"民居","orange",184.469853416085,165.068585834284,136.473140844326,-9215170.1273,3238317.6133
1,"植被","darkgreen",84.0353363630825,88.1737050292546,60.6888717210524,-9215114.6273,3238210.6133
1,"植被","darkgreen",30.3126450849818,52.8551607914638,20.9008162634568,-9215144.1273,3238380.1133
5,"道路","gray",194.0355569062,193.349823915696,184.929743433371,-9215176.6273,3238300.1133
1,"植被","darkgreen",80.8302191075714,95.8302191075714,66.6897575966145,-9215212.6273,3238271.1133
1,"植被","darkgreen",121.881326160497,144.622388511068,87.2976679272123,-9215151.6273,3238404.6133
1,"植被","darkgreen",90.0053023295063,99.0822004883963,53.4361071889496,-9215098.6273,3238212.1133
5,"道路","gray",119.25187676661,121.688791195678,115.068973388339,-9215085.6273,3238306.6133
2,"民居","orange",168.437024111351,136.887173589742,110.381228883242,-9215101.6273,3238346.1133
2,"民居","orange",156.369932297914,122.682462766132,95.4769309405237,-9215105.6273,3238346.1133
7,"水体","black",11,12.0368051379919,16,-9215056.6273,3238251.1133
5,"道路","gray",159.383327425036,159.399780167521,152.566157499583,-9215078.1273,3238305.6133
1,"植被","darkgreen",104.55489934369,120.800758811115,91.4443117889742,-9215210.1273,3238279.6133
1,"植被","darkgreen",83.2069009052396,88.0719381118,58.0719381118,-9215120.1273,3238213.1133
6,"泳池","blue",148.765188744808,214.480911752209,225.297002491126,-9215173.6273,3238334.6133
1,"植被","darkgreen",98.5013536381012,104.214501492893,56.5367264859718,-9215125.6273,3238213.6133
5,"道路","gray",103.691667807569,106.768882864435,103.230275336002,-9215131.1273,3238288.1133
5,"道路","gray",141.120638847351,140.777026998353,128.706879615784,-9215074.6273,3238304.1133
5,"道路","gray",99.6815336746639,111.280337426857,103.298727402418,-9215129.1273,3238395.1133
5,"道路","gray",111.247308667749,116.247308667749,111.747722718865,-9215097.6273,3238305.6133
2,"民居","orange",158.202243012173,137.277882031893,109.144225018463,-9215162.6273,3238318.6133
1,"植被","darkgreen",107.324306604993,112.981477504581,68.8234147701199,-9215121.6273,3238211.6133
2,"民居","orange",202.333786324724,193.768008601097,153.333786324724,-9215200.1273,3238329.6133
5,"道路","gray",118.486573086491,123.486573086491,117.515564347988,-9215100.6273,3238304.6133
2,"民居","orange",172.171165728321,147.288384819493,107.3215308067,-9215155.1273,3238317.1133
3,"车库","white",253.234095130875,253.234095130875,253.234095130875,-9215170.6273,3238417.6133
5,"道路","gray",145.12402814813,145.301338002086,137.568558957146,-9215078.6273,3238304.6133
5,"道路","gray",195.766697924584,193.766697924584,182.150046886876,-9215181.6273,3238300.1133
2,"民居","orange",140.54637810435,106.776386675741,84.1861784843513,-9215105.1273,3238350.1133
2,"民居","orange",138.529787587199,105.586184195023,90.0090515229518,-9215104.6273,3238352.1133
1,"植被","darkgreen",41.2960062112135,49.3354340702378,29.6726731594128,-9215214.6273,3238266.6133
1,"植被","darkgreen",28.4148833321301,33.4148833321302,29.0567880550293,-9215215.6273,3238277.6133
7,"水体","black",14.0276969412919,15.5447100775894,15.013848470646,-9215081.1273,3238357.6133
2,"民居","orange",162.895098701119,141.347934838384,101.80555907179,-9215199.1273,3238426.1133
5,"道路","gray",117.752043724793,122.752043724793,115.752043724793,-9215093.6273,3238304.6133
5,"道路","gray",209.346107982242,208.346107982242,203.346107982242,-9215179.6273,3238301.1133
5,"道路","gray",99.5108914395458,105.466867483902,105.466867483902,-9215127.6273,3238394.6133
3,"车库","white",255,254.651390668005,255,-9215170.6273,3238413.1133
6,"泳池","blue",148.50239945517,218.267025446865,220.059792994867,-9215083.1273,3238380.6133
1,"植被","darkgreen",63.9566636869835,81.9495979810285,45.026633212645,-9215222.6273,3238438.1133
5,"道路","gray",119.257873598486,123.042743143719,123.960005429666,-9215083.6273,3238306.6133
7,"水体","black",11,14.6558346189559,16,-9215057.6273,3238251.6133
4,"球场","lightblue",129.872503859547,147.049056168646,168.013414740938,-9215174.1273,3238372.6133
5,"道路","gray",201.528849385679,200.528849385679,195.528849385679,-9215178.1273,3238298.6133
1,"植被","darkgreen",67.2132103890181,88.2796775698662,48.6381778850194,-9215224.1273,3238436.1133
5,"道路","gray",87.0810220705081,93.0810220705081,92.5419552342702,-9215126.6273,3238286.6133
2,"民居","orange",178.806323334382,157.806323334382,128.330007493255,-9215158.1273,3238318.1133
7,"水体","black",18.6324546276397,20.6324546276397,17.6324546276397,-9215087.1273,3238356.1133
2,"民居","orange",188.879884773865,174.879884773865,139.879884773865,-9215201.6273,3238325.1133
1,"植被","darkgreen",7.08067215101679,14.3994857872785,18.1110281999172,-9215147.1273,3238376.1133
1,"植被","darkgreen",111.753496908317,140.356246767566,75.2183652144991,-9215152.1273,3238401.1133
2,"民居","orange",176.695953877137,154.695953877137,114.235144654573,-9215206.6273,3238425.1133
2,"民居","orange",147.326611401208,132.522189203933,97.6325012079558,-9215101.6273,3238352.1133
2,"民居","orange",199.421424606134,185.201595400711,152.360968824431,-9215199.1273,3238327.1133
1,"植被","darkgreen",49.978734303743,69.3717466443296,36.1262618672961,-9215107.1273,3238212.1133
1,"植被","darkgreen",75.3095984041931,95.2954730527595,64.3278333239497,-9215230.1273,3238435.6133
1,"植被","darkgreen",79.2245677122846,86.0479102255777,62.176547258161,-9215125.1273,3238209.6133
5,"道路","gray",188.711615438573,189.708014273052,181.859657420777,-9215176.1273,3238297.1133
7,"水体","black",12.0898678675294,13.0898678675294,15.0898678675294,-9215058.6273,3238246.1133
1,"植被","darkgreen",56.8464422764709,56.84920366696,37.7489411994251,-9215114.6273,3238211.6133
1,"植被","darkgreen",29.5199957795594,35.6617611745273,21.5199957795594,-9215213.1273,3238280.1133
6,"泳池","blue",112.745818194908,202.925289206963,212.565902651187,-9215171.6273,3238335.6133
5,"道路","gray",86.2333393598365,90.4301220046746,89.5139696806496,-9215127.1273,3238288.6133
1,"植被","darkgreen",88.1876654068486,103.187665406849,62.4986116036932,-9215207.6273,3238270.6133
1,"植被","darkgreen",116.648431610496,130.936885133745,76.6201535502383,-9215152.6273,3238406.6133
4,"球场","lightblue",142.995354607096,161.995354607096,176.995354607096,-9215171.1273,3238372.6133
5,"道路","gray",90.2416457320695,96.0903343876024,94.1305450180877,-9215127.6273,3238287.6133
2,"民居","orange",181.33227856271,167.33227856271,132.33227856271,-9215202.1273,3238322.1133
1,"植被","darkgreen",94.1724280493736,99.3044587543636,62.6930077525258,-9215121.1273,3238210.6133
1,"植被","darkgreen",122.135468628912,142.674495584054,88.4221955653075,-9215150.6273,3238404.6133
2,"民居","orange",191.485105961522,177.485105961522,142.485105961522,-9215201.1273,3238327.1133
5,"道路","gray",112.167884072659,116.777193444035,112.828839624393,-9215075.1273,3238306.6133
1,"植被","darkgreen",100.946594037116,130.70584714599,68.7122758057556,-9215154.6273,3238403.1133
1,"植被","darkgreen",65.027838959079,82.1679397256578,45.4903190284967,-9215228.1273,3238436.6133
1,"植被","darkgreen",64.2447740644471,77.2248124131121,49.9767449642651,-9215208.1273,3238277.1133
1,"植被","darkgreen",68.6353337551337,81.6353337551337,53.2789901007237,-9215213.1273,3238272.1133
5,"道路","gray",111.881005983793,115.761935265728,111.741195853323,-9215078.1273,3238303.6133
5,"道路","gray",103.425740748644,107.871360993013,103.871360993013,-9215131.1273,3238288.1133
5,"道路","gray",211.726986220522,209.690257943443,129.110483429602,-9215086.6273,3238304.1133
1,"植被","darkgreen",122.306312477216,138.994698784322,86.8643070924948,-9215150.1273,3238405.6133
1,"植被","darkgreen",19.2262415110077,30.6960084165389,16.4953516411538,-9215142.1273,3238379.6133
2,"民居","orange",147.389635263011,127.389635263011,101.76556059273,-9215167.6273,3238318.6133
5,"道路","gray",191.926993984729,191.926993984729,179.926993984729,-9215179.1273,3238297.1133
5,"道路","gray",197.220140746795,196.220140746795,191.220140746795,-9215178.6273,3238299.6133
2,"民居","orange",184.857543316323,170.857543316323,135.857543316323,-9215201.6273,3238328.1133
5,"道路","gray",191.188993898533,191.955786777042,185.022958291076,-9215176.1273,3238296.1133
1,"植被","darkgreen",61.527247623837,76.5873185378374,46.3086281797131,-9215213.1273,3238270.6133
2,"民居","orange",132.464630799368,104.464630799368,80.464630799368,-9215106.1273,3238352.6133
5,"道路","gray",194.23064256832,194.17298192624,182.34596385248,-9215179.1273,3238297.1133
5,"道路","gray",189.630011299625,189.630011299625,177.693547425792,-9215180.6273,3238296.6133
6,"泳池","blue",87.5781215758245,216.281951566227,224.954679247923,-9215174.1273,3238342.1133
1,"植被","darkgreen",98.2085373161754,113.299490398692,71.1666136577751,-9215208.1273,3238270.1133
1,"植被","darkgreen",110.425908179952,138.054300345477,74.7730061002043,-9215152.6273,3238404.1133
1,"植被","darkgreen",74.2626955908079,88.4182393940452,54.557692390709,-9215208.1273,3238271.6133
1,"植被","darkgreen",45.6724607112788,69.0430021807762,30.258642791467,-9215108.6273,3238212.6133
2,"民居","orange",170.524020491747,163.060035186196,133.684860932017,-9215102.1273,3238352.6133
2,"民居","orange",180.864140051787,159.801257237231,121.864312610959,-9215157.1273,3238231.1133
2,"民居","orange",185.341769887125,171.341769887125,136.341769887125,-9215201.6273,3238325.1133
5,"道路","gray",108.776915466413,114.776915466413,112.591710828065,-9215128.6273,3238390.1133
2,"民居","orange",171.890199668564,147.991047292841,112.829348522132,-9215160.1273,3238315.6133
1,"植被","darkgreen",97.7295994216822,113.66678483984,59.4033911021672,-9215129.1273,3238213.6133
2,"民居","orange",107.069984021597,90.0699840215966,70.9554616446235,-9215161.1273,3238320.1133
1,"植被","darkgreen",40.5412792818439,53.2082524225116,23.9314243871536,-9215214.6273,3238266.6133
1,"植被","darkgreen",79.3682491583536,97.1594231926927,65.4837757083266,-9215210.6273,3238279.1133
1,"植被","darkgreen",87.5568189205546,86.6661103858781,66.3774400499883,-9215125.1273,3238211.1133
7,"水体","black",10.1331593571231,14.1331593571231,17.1331593571231,-9215056.1273,3238247.1133
5,"道路","gray",112.238520530819,118.835364663973,115.823492479511,-9215072.1273,3238302.6133
2,"民居","orange",133.676967457951,113.192402015689,101.914402495812,-9215103.1273,3238352.1133
2,"民居","orange",183.477936212628,163.069656155727,124.529126856476,-9215157.1273,3238231.6133
5,"道路","gray",125.464778570898,130.456316424534,124.076166969232,-9215081.6273,3238305.6133
5,"道路","gray",88.5156258095126,94.5156258095126,93.7702395711797,-9215127.1273,3238287.6133
5,"道路","gray",161.655467875625,161.655467875625,154.403156800519,-9215077.1273,3238305.1133
5,"道路","gray",191.569964612256,182.198062202758,136.078589511901,-9215087.1273,3238303.1133
4,"球场","lightblue",126.710644847713,148.769581179135,166.769581179135,-9215169.1273,3238373.1133
2,"民居","orange",139.148151815869,119.148151815869,92.0659494355332,-9215167.6273,3238319.1133
2,"民居","orange",171.319508774206,148.019522340246,103.581689692312,-9215203.1273,3238427.1133
2,"民居","orange",203.040141425144,182.040141425144,136.126090313357,-9215171.1273,3238228.1133
6,"泳池","blue",108.269228538498,207.284824521281,217.830978813581,-9215173.6273,3238337.1133
5,"道路","gray",99.2231170014647,105.223117001465,105.223117001465,-9215127.6273,3238393.1133
6,"泳池","blue",155.924148112535,221.34197763942,229.912339678034,-9215083.1273,3238381.6133
1,"植被","darkgreen",48.0664253769549,73.130829419758,32.7084726452934,-9215107.6273,3238210.1133
7,"水体","black",10.0061392057687,14.0061392057687,17.0061392057687,-9215056.6273,3238247.1133
5,"道路","gray",176.375766930539,174.935858177759,122.4557649942,-9215086.1273,3238303.6133
5,"道路","gray",182.15969501364,179.580377555308,170.642328164754,-9215174.6273,3238296.6133
1,"植被","darkgreen",73.3986488146651,94.1351649296386,58.1356968079609,-9215229.6273,3238435.6133
7,"水体","black",17,19,16,-9215084.6273,3238356.1133
1,"植被","darkgreen",41.492488595246,50.492488595246,29.5454841006267,-9215212.1273,3238276.6133
5,"道路","gray",95.7192959021777,101.719295902178,99.7192959021777,-9215106.6273,3238303.1133
5,"道路","gray",188.187366255559,188.187366255559,176.187366255559,-9215180.1273,3238296.1133
2,"民居","orange",150.961302562869,127.362847926017,97.0974056824919,-9215101.1273,3238354.1133
5,"道路","gray",98.7117970468565,102.977022376461,100.17906460911,-9215081.1273,3238303.6133
2,"民居","orange",178.24284459275,155.024774805019,111.885366939091,-9215157.1273,3238230.1133
1,"植被","darkgreen",90.1199149350403,104.11991493504,68.1240518454412,-9215209.1273,3238267.6133
1,"植被","darkgreen",74.9294422207075,84.051733751057,48.2771239672299,-9215124.1273,3238212.1133
5,"道路","gray",94.0693527311087,98.7674988545477,95.6521260934953,-9215129.1273,3238291.1133
5,"道路","gray",208.179755091728,207.179755091728,202.179755091728,-9215180.1273,3238302.6133
5,"道路","gray",208.910517473196,207.505987465804,204.133610723751,-9215176.6273,3238302.1133
1,"植被","darkgreen",25.9863242531448,37.7012035442769,23.6109415494158,-9215142.1273,3238379.6133
1,"植被","darkgreen",60.0642856163904,80.325491453521,38.7219507291596,-9215113.1273,3238210.1133
2,"民居","orange",119.613886878882,98.5365771781653,76.6508603990078,-9215163.6273,3238319.6133
2,"民居","orange",178.90218273457,153.90218273457,114.227367854676,-9215155.1273,3238318.6133
6,"泳池","blue",94.853271037642,212.005971910734,228.295510863256,-9215172.6273,3238341.1133
2,"民居","orange",165.04095522291,142.274686511534,102.848331194299,-9215158.1273,3238316.6133
5,"道路","gray",97.4246624987572,101.424662498757,102.571052952716,-9215100.6273,3238303.1133
2,"民居","orange",199.812446256168,180.357081435621,144.812446256168,-9215199.6273,3238424.1133
5,"道路","gray",199.108650659661,198.191759110879,192.904172070775,-9215176.6273,3238298.6133
2,"民居","orange",196.587142034794,173.136691311374,133.402630781183,-9215166.6273,3238229.6133
5,"道路","gray",105.761391811073,109.577384566888,108.173399776051,-9215130.1273,3238396.6133
1,"植被","darkgreen",65.9555280723226,83.1734542970162,38.8710871627644,-9215127.1273,3238211.1133
2,"民居","orange",189.960972837183,167.328736132953,136.77043602896,-9215174.1273,3238317.6133
5,"道路","gray",198.347042426521,195.347042426521,187.323889778927,-9215181.6273,3238298.6133
1,"植被","darkgreen",82.3945895302611,97.2335841911308,58.412349676194,-9215208.6273,3238266.6133
5,"道路","gray",102.977748451754,107.955496903509,107.01990312482,-9215104.1273,3238306.1133
2,"民居","orange",131.36735714227,105.091015442693,79.1663090177612,-9215105.1273,3238354.1133
1,"植被","darkgreen",101.436049855611,110.041012695617,78.4765679205942,-9215125.1273,3238210.1133
2,"民居","orange",126.034267930314,105.550618235188,81.1416326120298,-9215169.1273,3238321.1133
1,"植被","darkgreen",118.283013432323,131.476184464096,78.9760759285831,-9215150.1273,3238406.1133
5,"道路","gray",104.654693163,110.654693163,108.654693163,-9215107.1273,3238305.6133
2,"民居","orange",155.107263810748,135.155155751854,110.392767135238,-9215170.6273,3238318.6133
1,"植被","darkgreen",121.507146280793,148.583419616868,87.8372437400497,-9215153.1273,3238402.6133
2,"民居","orange",163.025853334717,138.656944257825,94.3112438383167,-9215197.6273,3238427.6133
2,"民居","orange",199.891824766192,177.9698969453,133.891824766192,-9215167.1273,3238228.1133
7,"水体","black",12,13.7885124012828,15.7885124012828,-9215057.1273,3238246.1133
5,"道路","gray",207.351734745112,199.827841895428,140.114913793145,-9215087.1273,3238305.1133
3,"车库","white",253.254832837731,252.898226495832,254.490334324539,-9215171.1273,3238415.1133
2,"民居","orange",182.044558251277,162.125309150666,136.12344848129,-9215169.1273,3238318.1133
2,"民居","orange",122.278466814154,102.383634311103,81.134808958464,-9215162.6273,3238320.1133
1,"植被","darkgreen",77.048321298381,94.048321298381,58.6798336555215,-9215227.1273,3238439.1133
5,"道路","gray",102.031506225467,108.031506225467,106.031506225467,-9215109.1273,3238304.1133
5,"道路","gray",108.069250010408,113.069250010408,106.688624915894,-9215095.1273,3238304.1133
5,"道路","gray",93.0637675765889,95.0132936891177,97.1674162205309,-9215131.6273,3238396.6133
6,"泳池","blue",117.5464389904,209.756420673168,215.976295693679,-9215171.6273,3238335.6133
5,"道路","gray",96.2798619223759,102.198081958975,99.8190779043362,-9215128.6273,3238394.1133
5,"道路","gray",107.925909587241,113.925909587241,111.925909587241,-9215105.6273,3238305.6133
2,"民居","orange",137.238320714794,106.934021708876,82.3721481064853,-9215104.6273,3238350.1133
5,"道路","gray",126.263536396995,131.263536396995,124.263536396995,-9215084.6273,3238304.6133
5,"道路","gray",106.856669579633,111.756406517479,107.303583955172,-9215098.1273,3238304.1133
5,"道路","gray",105.607904639145,111.851100021545,106.009961155747,-9215069.6273,3238302.6133
2,"民居","orange",137.216468336061,109.216468336061,85.2164683360606,-9215105.6273,3238350.6133
3,"车库","white",254.895859219567,254,254.191067770557,-9215171.1273,3238413.6133
7,"水体","black",13.5744368582964,14.5744368582964,16.5744368582964,-9215060.1273,3238247.1133
1,"植被","darkgreen",80.1729562990747,92.0336928874549,55.9781236872457,-9215100.6273,3238209.6133
2,"民居","orange",127.466882929003,104.876045476442,72.7921732040122,-9215157.6273,3238315.6133
2,"民居","orange",137.02988814712,107.341914584866,95.9831697829121,-9215104.1273,3238352.1133
5,"道路","gray",188.476695534309,188.476695534309,176.476695534309,-9215180.1273,3238295.6133
5,"道路","gray",123.647208810974,128.301504089592,123.987644332556,-9215084.1273,3238306.1133
1,"植被","darkgreen",42.6640731586203,52.4975286843322,29.1621456440598,-9215213.6273,3238276.1133
1,"植被","darkgreen",90.24075459882,105.24075459882,65.9118519779978,-9215208.6273,3238267.1133
1,"植被","darkgreen",69.3568043558452,82.9921838658455,49.09412673833,-9215208.1273,3238275.6133
4,"球场","lightblue",100.786466152017,123.252036989817,140.785589018055,-9215167.1273,3238370.1133
2,"民居","orange",183.144653273746,162.543164143069,124.058833161369,-9215157.1273,3238231.6133
5,"道路","gray",151.439691224357,151.439691224357,143.439691224357,-9215078.6273,3238304.6133
2,"民居","orange",183.760445400921,160.361051849869,127.630418116616,-9215155.6273,3238316.1133
1,"植被","darkgreen",35.2224143924364,49.9777516038301,19.1905162762543,-9215104.1273,3238211.6133
2,"民居","orange",206.52249754723,187.134737703018,142.569994909128,-9215159.6273,3238229.1133
1,"植被","darkgreen",51.9724805867199,70.2695094663449,42.0518878707361,-9215230.6273,3238438.6133
2,"民居","orange",133.913173871115,105.913173871115,81.9131738711149,-9215105.6273,3238352.6133
2,"民居","orange",159.297968881528,141.824448307368,113.826408481934,-9215173.6273,3238318.6133
2,"民居","orange",187.209938223699,173.209938223699,138.209938223699,-9215201.6273,3238330.6133
1,"植被","darkgreen",34.6442901282781,45.5796989115889,32.6474395153219,-9215144.6273,3238376.6133
6,"泳池","blue",86.2011627873314,207.175244018435,219.983352581216,-9215172.6273,3238339.6133
5,"道路","gray",100.544078128862,106.544078128862,106.544078128862,-9215127.1273,3238391.1133
2,"民居","orange",135.058888159766,107.058888159766,83.0588881597656,-9215105.1273,3238352.6133
6,"泳池","blue",86.240311518079,204.932037290418,218.62253760756,-9215172.6273,3238339.1133
7,"水体","black",17,19,16,-9215082.1273,3238356.1133
5,"道路","gray",91.7308673419053,96.3097164027398,98.0165345666925,-9215131.6273,3238396.1133
2,"民居","orange",159.57876881748,125.646701673287,98.5787688174803,-9215099.6273,3238346.1133
1,"植被","darkgreen",72.3163503143404,91.2202783451947,47.285452817713,-9215223.6273,3238437.6133
5,"道路","gray",97.9392821893287,103.939282189329,103.939282189329,-9215127.6273,3238394.1133
2,"民居","orange",122.328767032632,101.328767032632,80.3287670326319,-9215163.1273,3238320.1133
5,"道路","gray",105.988111382283,109.988111382283,108.988111382283,-9215111.1273,3238305.1133
1,"植被","darkgreen",114.690355955805,143.647001571454,78.1145716155542,-9215152.1273,3238401.1133
5,"道路","gray",138.404759732969,136.76605450917,123.221190117699,-9215071.6273,3238304.6133
5,"道路","gray",108.487887907005,114.487887907005,112.487887907005,-9215106.1273,3238304.6133
2,"民居","orange",185.305043076354,156.889732814583,115.835494647922,-9215157.6273,3238230.6133
5,"道路","gray",100.692349724921,109.699874755444,108.066575920517,-9215080.1273,3238302.6133
1,"植被","darkgreen",71.9079327969387,86.3316567358136,51.4109560581431,-9215208.1273,3238271.6133
6,"泳池","blue",183.351538064904,223.497742497696,221.768312645785,-9215076.6273,3238380.1133
5,"道路","gray",201.059075907291,200.059075907291,195.059075907291,-9215177.6273,3238299.6133
5,"道路","gray",114.070659799709,119.473282356022,115.109591792028,-9215072.1273,3238302.6133
5,"道路","gray",86.429771739056,92.429771739056,90.429771739056,-9215127.6273,3238287.1133
2,"民居","orange",202.417811582213,186.621666499209,154.680189555859,-9215198.6273,3238327.1133
2,"民居","orange",192.960950523394,181.848997410487,144.102572536356,-9215200.1273,3238326.6133
1,"植被","darkgreen",63.1187214817834,81.2074604270962,44.1382677006509,-9215222.1273,3238437.6133
2,"民居","orange",197.404253835995,179.626292429138,138.411132955197,-9215161.6273,3238229.1133
5,"道路","gray",183.682671652149,174.32161996034,130.052998914243,-9215087.1273,3238303.6133
2,"民居","orange",182.751044516024,162.193727776887,118.872217173714,-9215171.1273,3238316.6133
5,"道路","gray",120.945687088699,123.70558280042,118.261591795416,-9215078.6273,3238303.6133
5,"道路","gray",96.9828632127979,102.406635726998,101.600219498584,-9215126.6273,3238285.1133
7,"水体","black",11,15,16,-9215059.6273,3238251.6133
5,"道路","gray",128.386443004237,131.064705785589,123.760732499995,-9215081.1273,3238304.6133
4,"球场","lightblue",127.805298120001,145.358224746058,160.912056674705,-9215166.6273,3238371.1133
1,"植被","darkgreen",85.3446477106292,102.383565366825,70.3727571509308,-9215228.6273,3238439.6133
1,"植被","darkgreen",109.474150893894,124.078255718122,76.0925998192347,-9215149.6273,3238405.6133
1,"植被","darkgreen",68.7332899603569,88.8946471174276,50.4559994616574,-9215224.6273,3238436.6133
1,"植被","darkgreen",77.3143739204498,83.1623331402545,56.9989605666867,-9215124.1273,3238209.6133
2,"民居","orange",153.820737355705,126.156036144131,98.3403527792624,-9215100.6273,3238354.1133
4,"球场","lightblue",126.069604943309,147.175822774683,168.016496027623,-9215173.1273,3238367.6133
4,"球场","lightblue",128.440172038972,149.440172038972,169.704765317577,-9215173.1273,3238368.1133
1,"植被","darkgreen",119.870025204495,134.102315642871,77.7696186834946,-9215153.1273,3238405.6133
2,"民居","orange",192.526820275933,178.526820275933,143.526820275933,-9215201.1273,3238324.1133
7,"水体","black",17.6867932728141,19.6867932728141,16.6867932728141,-9215087.1273,3238357.1133
7,"水体","black",9.24362317907449,13.196378503617,16.1775073185563,-9215056.6273,3238248.6133
2,"民居","orange",194.644970382564,169.790591391735,124.908336242661,-9215207.6273,3238427.6133
5,"道路","gray",106.551413461566,111.273413391855,107.497706661072,-9215103.6273,3238304.1133
1,"植被","darkgreen",74.3407736262733,91.3407736262733,55.8776929453869,-9215227.1273,3238439.1133
4,"球场","lightblue",129.689079789067,148.940866130522,164.960566011316,-9215171.6273,3238369.1133
5,"道路","gray",98.1741860557459,102.174186055746,101.309462226927,-9215131.1273,3238389.1133
2,"民居","orange",169.158629088363,147.164564032124,105.369758528042,-9215168.6273,3238230.1133
2,"民居","orange",183.980632697737,162.678140988431,120.956973653002,-9215171.6273,3238316.6133
5,"道路","gray",103.464592926204,108.33897684309,105.695914892287,-9215101.6273,3238306.1133
2,"民居","orange",198.2014060691,183.2014060691,152.445186063025,-9215199.1273,3238324.1133
7,"水体","black",17,19,16,-9215083.6273,3238357.6133
5,"道路","gray",135.750594938174,137.285488722736,129.398174457032,-9215076.1273,3238306.1133
5,"道路","gray",202.242580970685,201.730558901241,194.850791265764,-9215175.6273,3238302.1133
5,"道路","gray",178.002643536081,176.002643536081,163.864612474204,-9215174.6273,3238295.1133
2,"民居","orange",107.46215991014,89.8223025481159,69.624672688346,-9215174.1273,3238320.6133
1,"植被","darkgreen",36.7099796639878,45.3013431934162,23.0375735440083,-9215103.6273,3238210.1133
1,"植被","darkgreen",74.0421819623049,85.4305238882365,52.4483145169403,-9215210.6273,3238273.1133
5,"道路","gray",200.845161214471,200.34184077266,194.428274936974,-9215174.6273,3238302.1133
1,"植被","darkgreen",116.7399464522,133.615467520988,82.8513486229807,-9215151.6273,3238406.1133
5,"道路","gray",126.358814300415,129.256544688162,121.87346897098,-9215074.6273,3238303.6133
1,"植被","darkgreen",47.4038597893142,56.7242403902878,32.8045234509577,-9215212.6273,3238266.6133
2,"民居","orange",205.598288405687,182.598288405687,140.598288405687,-9215165.1273,3238228.6133
2,"民居","orange",201.344525417163,195.052443443245,153.008319874345,-9215200.1273,3238329.6133
1,"植被","darkgreen",43.1680720841683,53.1680720841682,29.0584276951263,-9215211.6273,3238277.6133
2,"民居","orange",192.295617093886,178.295617093886,143.295617093886,-9215201.1273,3238328.1133
5,"道路","gray",110.715000689476,112.714314057453,104.645570265537,-9215072.6273,3238306.1133
5,"道路","gray",197.131548484223,196.100963417441,190.899036582559,-9215180.6273,3238300.1133
2,"民居","orange",198.236416599713,176.688371005583,137.231189020794,-9215207.1273,3238428.6133
1,"植被","darkgreen",87.1787374708568,104.876189446985,74.8152475224924,-9215230.6273,3238439.6133
7,"水体","black",13.1892389804125,14.1892389804125,16.1892389804125,-9215059.6273,3238247.1133
5,"道路","gray",112.041240189224,116.280127715319,116.280127715319,-9215092.6273,3238306.6133
5,"道路","gray",185.219522697401,185.219522697401,173.219522697401,-9215179.6273,3238294.6133
5,"道路","gray",99.6800662974027,104.680066297403,100.680066297403,-9215131.6273,3238290.1133
2,"民居","orange",201.00227077865,184.002270778649,139.823745064454,-9215160.6273,3238228.1133
2,"民居","orange",199.376520831138,186.623479168862,148.744643243267,-9215200.1273,3238322.6133
5,"道路","gray",204.455750428795,203.455750428795,197.380322784978,-9215181.1273,3238301.1133
7,"水体","black",11,15,16,-9215058.1273,3238250.1133
6,"泳池","blue",172.134208608999,219.135121066704,217.702544789265,-9215078.1273,3238380.1133
1,"植被","darkgreen",67.9608521800836,79.6998687018057,49.7256434708834,-9215212.1273,3238272.6133
2,"民居","orange",203.334868217945,187.700465666257,156.574586066015,-9215199.1273,3238326.6133
5,"道路","gray",100.257751623169,102.257751623169,99.2577516231686,-9215131.6273,3238287.6133
5,"道路","gray",85.5440603919995,91.5440603919996,90.9026553311122,-9215126.6273,3238286.6133
1,"植被","darkgreen",36.8237690255046,46.1237269289413,27.9461228588407,-9215116.6273,3238212.6133
2,"民居","orange",176.646666764437,156.619006046249,119.563684609874,-9215199.1273,3238425.1133
6,"泳池","blue",87.2055200757289,209.328052535653,224.492220484635,-9215174.1273,3238341.1133
1,"植被","darkgreen",94.3380761258304,118.887165390662,58.821627584286,-9215155.6273,3238406.6133
2,"民居","orange",199.858442461198,185.811864985233,150.998174889093,-9215199.6273,3238323.1133
2,"民居","orange",179.757841114886,157.595750879586,120.435613579959,-9215165.1273,3238317.1133
1,"植被","darkgreen",57.4173075812592,74.1464862920999,36.2009454653875,-9215211.6273,3238267.6133
5,"道路","gray",142.106800520871,140.230764096196,125.468627390976,-9215072.1273,3238304.6133
2,"民居","orange",133.889619868103,113.056306022714,102.044372825985,-9215103.1273,3238352.1133
2,"民居","orange",193.615567292087,172.662771834061,129.964635472745,-9215159.6273,3238229.6133
1,"植被","darkgreen",46.7511742195802,56.7511742195802,32.3801545552028,-9215211.1273,3238277.6133
2,"民居","orange",179.227774025957,159.613794133152,137.251531604763,-9215159.6273,3238318.1133
5,"道路","gray",116.057613473961,121.057613473961,114.537668891251,-9215095.1273,3238304.6133
7,"水体","black",11,15,16,-9215060.1273,3238253.6133
5,"道路","gray",97.2237444194034,103.280415529385,101.337086639367,-9215106.6273,3238303.1133
2,"民居","orange",177.308352586813,155.295785200098,115.894252984785,-9215204.1273,3238425.1133
7,"水体","black",11,15,18,-9215056.1273,3238246.1133
2,"民居","orange",168.963844610556,145.695009857772,106.636757442906,-9215166.6273,3238230.1133
5,"道路","gray",195.242377635092,195.242377635092,185.186588365585,-9215177.1273,3238297.6133
1,"植被","darkgreen",37.6083863913388,61.1121220398896,34.486128225653,-9215145.6273,3238379.6133
1,"植被","darkgreen",62.3124473323675,80.2184062011976,42.4723699510534,-9215225.1273,3238437.1133
5,"道路","gray",197.617625906176,196.593002404086,191.514904427299,-9215180.6273,3238299.1133
1,"植被","darkgreen",77.8127283330851,95.5279042991441,54.2938016607057,-9215228.6273,3238435.6133
5,"道路","gray",108.802175585181,113.712260480039,107.982005795464,-9215082.1273,3238304.1133
5,"道路","gray",205.054986391105,204.367993180529,198.313006789424,-9215174.1273,3238302.1133
5,"道路","gray",106.077056314796,110.115584472194,109.534232325852,-9215094.1273,3238306.6133
5,"道路","gray",106.684326690372,110.684326690372,109.684326690372,-9215110.6273,3238305.6133
5,"道路","gray",107.543816745031,112.424188628543,110.995375220187,-9215109.6273,3238305.1133
1,"植被","darkgreen",40.5800716001001,53.5800716001001,27.4932666000223,-9215216.6273,3238270.6133
2,"民居","orange",138.951893399895,107.915806220844,84.7535346191903,-9215106.1273,3238347.6133
2,"民居","orange",183.955714073032,163.29809456052,137.366178113164,-9215158.6273,3238318.1133
2,"民居","orange",200.8188918419,178.849393476695,140.900738415271,-9215205.1273,3238424.6133
2,"民居","orange",163.500867934043,139.323285382822,94.3310541274244,-9215198.1273,3238427.6133
2,"民居","orange",181.771587926894,167.771587926894,132.771587926894,-9215202.1273,3238327.6133
1,"植被","darkgreen",70.6321241876305,83.4036668867068,53.3838398413914,-9215208.6273,3238271.1133
1,"植被","darkgreen",90.8540058934218,95.507134756193,51.2205998123046,-9215098.6273,3238212.6133
7,"水体","black",18.0764576375178,20.0764576375178,17.0764576375178,-9215087.6273,3238356.6133
7,"水体","black",11.3500416316092,13,15.6499583683908,-9215057.1273,3238247.1133
2,"民居","orange",172.274569637142,147.274569637142,106.594871766493,-9215154.1273,3238318.1133
1,"植被","darkgreen",52.8229613037619,68.8229613037619,38.4401548849419,-9215216.6273,3238267.1133
5,"道路","gray",141.519796953978,141.530985781433,131.542174608888,-9215070.6273,3238304.6133
1,"植被","darkgreen",120.776623051191,134.43685418232,77.8417291343212,-9215153.6273,3238406.1133
5,"道路","gray",198.457102484416,190.966736089145,131.87423104391,-9215087.1273,3238304.1133
2,"民居","orange",188.04796820021,168.603420609655,139.728235881822,-9215171.1273,3238318.1133
5,"道路","gray",198.558887763623,195.902714255266,186.434242562134,-9215181.6273,3238299.1133
1,"植被","darkgreen",109.833062346065,134.833062346065,76.2462862198891,-9215150.6273,3238400.6133
1,"植被","darkgreen",87.8932371339747,101.602176745886,72.6021767458865,-9215211.6273,3238271.6133
2,"民居","orange",198.826466820485,191.526738129337,151.161347556462,-9215200.1273,3238329.1133
7,"水体","black",11,15,16,-9215060.1273,3238251.6133
1,"植被","darkgreen",114.069390857805,131.435039094144,73.3264497913958,-9215153.6273,3238407.1133
5,"道路","gray",112.237316649586,117.237316649586,112.233550244011,-9215104.6273,3238305.1133
2,"民居","orange",188.936750380322,172.528133798391,134.313555558659,-9215203.1273,3238331.6133
2,"民居","orange",198.87118277628,184.82437874306,150.031238789717,-9215199.6273,3238322.1133
2,"民居","orange",171.701221773233,146.701221773233,105.894741456844,-9215155.1273,3238320.1133
1,"植被","darkgreen",106.31331295656,132.489652225245,77,-9215151.1273,3238401.6133
1,"植被","darkgreen",52.2828550660467,59.3244399673528,38.7407857361665,-9215215.6273,3238275.1133
5,"道路","gray",102.07213957049,108.07213957049,106.07213957049,-9215107.6273,3238306.1133
1,"植被","darkgreen",18.2453320096099,24.7438045660817,10.791958068017,-9215216.1273,3238280.1133
2,"民居","orange",200.881396702069,186.34576848759,153.488281345504,-9215199.1273,3238326.1133
3,"车库","white",253.435958522372,253.435958522372,251.803151760307,-9215168.6273,3238413.1133
5,"道路","gray",138.429851938957,140.224869608394,143.846897740363,-9215089.6273,3238306.6133
5,"道路","gray",105.198758691549,109.498448364437,107.299689672887,-9215099.6273,3238306.1133
2,"民居","orange",156.272565438109,124.272565438109,99.2725654381089,-9215102.1273,3238349.1133
1,"植被","darkgreen",43.4228941124253,53.2450161680686,29.6050914142709,-9215214.1273,3238276.1133
7,"水体","black",11,15,16,-9215057.6273,3238252.6133
7,"水体","black",13,14,16,-9215059.6273,3238248.6133
5,"道路","gray",190.20942798873,190.32694336643,182.14122122956,-9215175.6273,3238296.1133
2,"民居","orange",166.863113983246,146.197824094115,105.780293129097,-9215169.6273,3238230.6133
4,"球场","lightblue",124.039527934045,148.359081018716,168.131854206175,-9215167.1273,3238373.1133
1,"植被","darkgreen",45.6247692881868,54.6247692881868,33.6247692881868,-9215212.6273,3238276.1133
3,"车库","white",255,254.966364048421,255,-9215170.6273,3238413.6133
2,"民居","orange",133.659691559523,113.967094409651,84.1345786021088,-9215167.6273,3238319.1133
1,"植被","darkgreen",51.6254852630243,69.5160373655647,27.2548198773895,-9215215.1273,3238267.1133
1,"植被","darkgreen",83.7897672829474,82.4727486390656,53.1478534661845,-9215114.6273,3238212.6133
5,"道路","gray",192.45571311273,192.45571311273,180.45571311273,-9215178.6273,3238297.1133
2,"民居","orange",104.067611630614,83.0676116306144,62.0676116306144,-9215166.6273,3238319.6133
5,"道路","gray",102.701044823974,106.701044823974,104.960835859179,-9215130.6273,3238390.6133
1,"植被","darkgreen",78.1896565226263,83.7865547082537,45.2979857072303,-9215123.6273,3238212.1133
2,"民居","orange",164.571713636194,142.044629791317,105.785595841488,-9215161.6273,3238315.6133
5,"道路","gray",186.833598949241,186.833598949241,174.833598949241,-9215179.6273,3238295.6133
2,"民居","orange",177.068976172234,154.613389584224,116.499203525629,-9215163.6273,3238316.6133
1,"植被","darkgreen",44.5818054370202,55.5219199986685,39.6816107140411,-9215215.6273,3238273.6133
1,"植被","darkgreen",38.1998961693876,61.509393599359,23.4474071185374,-9215108.1273,3238209.6133
1,"植被","darkgreen",45.7240143087687,61.8158706095996,32.0800392526042,-9215216.6273,3238268.1133
2,"民居","orange",206.098812473037,184.098812473037,144.556754452207,-9215206.1273,3238423.6133
2,"民居","orange",134.13755602368,117.376200615733,91.5994475552129,-9215161.6273,3238318.6133
2,"民居","orange",178.45116115734,156.45116115734,121.634131404327,-9215162.6273,3238316.6133
5,"道路","gray",183.258444195863,183.258444195863,171.33182556766,-9215177.1273,3238295.6133
5,"道路","gray",101.57638901031,106.290971971854,101.239288801819,-9215129.1273,3238393.1133
2,"民居","orange",187.372077691418,164.915118589115,129.742954998326,-9215165.1273,3238317.1133
2,"民居","orange",183.518704175471,163.690185185522,121.383442442436,-9215171.1273,3238316.6133
5,"道路","gray",188.304558745243,187.018605506636,178.385356854517,-9215175.1273,3238296.1133
5,"道路","gray",186.126734640449,186.126734640449,174.126734640449,-9215179.1273,3238295.6133
5,"道路","gray",98.3819505125284,100.381950512528,97.3819505125284,-9215131.6273,3238286.6133
1,"植被","darkgreen",65.3086196766398,84.024161261057,50.9015455610764,-9215229.1273,3238439.1133
1,"植被","darkgreen",18.7358162216842,23.7358162216842,19.3032378383686,-9215216.6273,3238277.6133
2,"民居","orange",107.369800014421,90.3698000144213,72.3117313761551,-9215161.1273,3238319.6133
2,"民居","orange",124.510830216513,103.510830216513,83.1441132048453,-9215159.1273,3238319.1133
1,"植被","darkgreen",58.8101099867143,68.9925200246797,30.0596121491387,-9215123.6273,3238213.6133
5,"道路","gray",98.227873444988,102.227873444988,104.633035934961,-9215100.6273,3238306.6133
1,"植被","darkgreen",81.373167549439,93.5331971282049,44.8748697003332,-9215128.6273,3238209.6133
2,"民居","orange",191.072570181699,177.072570181699,142.072570181699,-9215201.1273,3238330.6133
2,"民居","orange",153.622481353112,121.016721919759,97.264157845287,-9215100.1273,3238350.6133
2,"民居","orange",189.831519708975,169.080270984217,139.157993444248,-9215158.1273,3238317.6133
6,"泳池","blue",87.0938643568609,216.292124791883,227.253124859184,-9215174.1273,3238342.6133
2,"民居","orange",171.357680916983,147.183055971015,111.002088198832,-9215155.1273,3238316.1133
1,"植被","darkgreen",104.750465687364,129.657704656944,69.6838110894492,-9215154.1273,3238404.1133
5,"道路","gray",104.551609016955,108.689511271194,107.137902254239,-9215099.6273,3238306.1133
3,"车库","white",253.902182478458,253.902182478458,253.902182478458,-9215169.6273,3238414.1133
5,"道路","gray",96.7913468687016,101.122749480721,97.4011676835048,-9215129.6273,3238288.6133
1,"植被","darkgreen",32.8819100234998,54.1148228619588,22.4121769982646,-9215144.1273,3238380.1133
2,"民居","orange",177.416891710239,152.982907422987,108.407919180748,-9215158.6273,3238231.1133
1,"植被","darkgreen",56.1161146616769,64.7631163946732,45.3023742368651,-9215214.6273,3238276.6133
1,"植被","darkgreen",50.1231578136397,69.0871090828044,36.0506257303741,-9215107.1273,3238212.1133
5,"道路","gray",100.94503800571,106.94503800571,104.94503800571,-9215107.1273,3238304.1133
2,"民居","orange",168.760047094657,144.541070575587,104.64148818957,-9215165.1273,3238315.6133
5,"道路","gray",98.2928000961991,102.853959223256,102.346118691973,-9215099.6273,3238303.6133
4,"球场","lightblue",111.427406368066,130.66638059191,151.228788106922,-9215175.1273,3238370.6133
1,"植被","darkgreen",117.439469802554,122.038585029216,93.0118125187114,-9215124.6273,3238210.1133
3,"车库","white",253.109658442438,252.450360107236,254.780683115125,-9215171.1273,3238414.6133
2,"民居","orange",199.537715764716,178.152802070603,141.152802070603,-9215204.6273,3238424.6133
5,"道路","gray",102.140017930418,106.140017930418,108.579088235134,-9215102.6273,3238302.6133
1,"植被","darkgreen",56.732564874946,71.9845829862404,44.6429983931828,-9215222.1273,3238438.6133
1,"植被","darkgreen",50.7099770283752,53.4669280122875,36.2285820614456,-9215116.6273,3238210.6133
2,"民居","orange",200.441033220271,185.800751764503,154.445190089176,-9215198.6273,3238323.6133
1,"植被","darkgreen",39.9275527223945,52.0106072537601,30.0147981930403,-9215215.6273,3238272.1133
5,"道路","gray",95.1197233274579,99.1197233274579,98.1197233274579,-9215110.6273,3238303.6133
2,"民居","orange",184.884255266208,159.450869929045,119.977554306388,-9215173.6273,3238315.6133
2,"民居","orange",182.124332935364,170.576682711021,145.888876368106,-9215102.1273,3238353.1133
1,"植被","darkgreen",99.7732379552575,113.521298490598,69.7920608626278,-9215112.1273,3238212.1133
5,"道路","gray",197.967511369197,196.130411112032,188.4562105977,-9215174.6273,3238297.6133
1,"植被","darkgreen",61.1018395978009,80.9994403752482,42.781427756299,-9215212.1273,3238269.1133
5,"道路","gray",94.9205512866167,100.261444924596,100.313938172534,-9215128.1273,3238397.1133
4,"球场","lightblue",147.499151292462,164.499151292462,180.499151292462,-9215171.1273,3238368.1133
2,"民居","orange",168.82802906356,150.633024035022,104.548760936595,-9215164.1273,3238231.1133
5,"道路","gray",102.997525945306,104.997525945306,101.997525945306,-9215131.1273,3238287.1133
1,"植被","darkgreen",107.72091919711,116.956907151726,67.3764943434648,-9215127.6273,3238213.1133
1,"植被","darkgreen",84.1718572735455,94.0074812246238,62.7667142843248,-9215114.1273,3238210.1133
2,"民居","orange",199.011323407793,187.61697570938,150.011323407793,-9215200.6273,3238329.1133
2,"民居","orange",191.828372431685,176.907087305715,145.741247239134,-9215160.6273,3238317.6133
1,"植被","darkgreen",64.5083953444203,82.2173456091192,44.9176031323968,-9215225.1273,3238437.1133
2,"民居","orange",187.098023285347,171.181723561698,134.140772150087,-9215203.1273,3238331.6133
1,"植被","darkgreen",81.528009315218,92.7197469274538,52.0405767401359,-9215110.1273,3238213.1133
5,"道路","gray",187.256679993981,187.263818279767,177.29237142291,-9215176.6273,3238296.6133
5,"道路","gray",104.485875577666,109.391461383551,112.550884239699,-9215104.1273,3238302.6133
5,"道路","gray",121.290829751641,125.290829751641,124.634938622825,-9215084.1273,3238306.6133
5,"道路","gray",142.875184820017,142.223792114279,128.57239940854,-9215073.1273,3238304.1133
5,"道路","gray",185.050236507619,185.050236507619,173.050236507619,-9215178.6273,3238295.6133
1,"植被","darkgreen",77.9514297221783,85.5044701726172,41.4670941486251,-9215124.1273,3238213.1133
4,"球场","lightblue",132.35378314214,151.840353186242,169.705867762677,-9215169.6273,3238368.1133
2,"民居","orange",184.723926199901,156.678539229543,121.612455447964,-9215206.6273,3238427.1133
5,"道路","gray",153.988365506512,153.988365506512,145.988365506512,-9215079.1273,3238305.1133
1,"植被","darkgreen",64.4948894148692,84.5409930685826,49.089321393735,-9215222.6273,3238437.1133
1,"植被","darkgreen",27.2829278971409,34.9327145631373,19.9231131637957,-9215105.6273,3238210.6133
1,"植被","darkgreen",60.9093286421419,79.4310001727948,41.7099877716757,-9215214.6273,3238268.1133
2,"民居","orange",111.394933112637,90.3949331126368,69.3949331126368,-9215165.6273,3238320.1133
5,"道路","gray",108.585489142662,114.585489142662,112.585489142662,-9215106.1273,3238305.6133
5,"道路","gray",108.840526742431,113.598709285331,109.029605300166,-9215085.1273,3238303.6133
2,"民居","orange",177.932848140001,151.889324501358,117.117039963804,-9215156.1273,3238317.1133
5,"道路","gray",92.7577683469281,97.2920867158841,97.0475292410702,-9215082.1273,3238303.1133
5,"道路","gray",186.547535419464,186.547535419464,178.547535419464,-9215182.1273,3238295.1133
2,"民居","orange",154.771691249454,136.060106472757,110.736270650004,-9215156.1273,3238316.1133
2,"民居","orange",162.384206568822,139.282907282931,98.3491536267102,-9215154.1273,3238316.1133
2,"民居","orange",146.800578002159,131.744470106312,98.8600018337118,-9215172.1273,3238318.6133
2,"民居","orange",145.861435963115,123.385708895019,85.3834420576807,-9215157.6273,3238316.1133
5,"道路","gray",196.721542047154,196.649301598597,188.79378249571,-9215174.6273,3238298.6133
7,"水体","black",12,13,15,-9215058.1273,3238246.1133
5,"道路","gray",138.256507220509,138.39073597513,126.860619942321,-9215072.1273,3238304.1133
1,"植被","darkgreen",86.7165061829437,100.107723978144,68.8043929792087,-9215208.1273,3238272.1133
5,"道路","gray",96.5002096407331,102.500209640733,102.500209640733,-9215126.6273,3238285.6133
1,"植被","darkgreen",30.5257343793188,43.4267466019014,17.830470254376,-9215216.1273,3238270.6133
6,"泳池","blue",97.5084560177556,204.022202542052,216.199220899426,-9215173.1273,3238337.6133
2,"民居","orange",184.487893301901,159.65942352891,125.095463400278,-9215166.6273,3238316.6133
5,"道路","gray",121.458239110645,125.626563980702,122.012840104274,-9215084.1273,3238306.1133
2,"民居","orange",205.857823351481,184.857823351481,137.857823351481,-9215170.1273,3238227.6133
1,"植被","darkgreen",52.6183009972891,80.2489623718942,33.9358844762763,-9215108.6273,3238211.1133
5,"道路","gray",91.6129544771979,94.7234233577033,95.8905716973243,-9215131.6273,3238397.1133
5,"道路","gray",104.680922351794,104.48796527555,104.87507386321,-9215090.1273,3238303.1133
1,"植被","darkgreen",62.5478639248776,81.7398127224313,50.0466478360836,-9215229.6273,3238439.6133
5,"道路","gray",110.940681648686,116.940681648686,114.940681648686,-9215108.6273,3238305.1133
2,"民居","orange",163.458397973037,141.458397973037,102.404824322516,-9215205.6273,3238425.6133
2,"民居","orange",162.459999397408,136.863633025449,96.8709499212067,-9215163.1273,3238231.1133
4,"球场","lightblue",139.905863796361,156.905863796361,173.271113577889,-9215170.1273,3238368.6133
2,"民居","orange",157.949480671404,125.56457315198,101.354265073293,-9215100.1273,3238351.1133
5,"道路","gray",105.247989468276,107.247989468277,104.247989468276,-9215131.1273,3238285.1133
5,"道路","gray",138.299901541322,149.157546755008,134.394562777214,-9215089.1273,3238305.1133
2,"民居","orange",172.458004117816,148.608296614189,108.972844135065,-9215164.1273,3238315.6133
5,"道路","gray",212.012167171235,209.510030516083,204.083371710328,-9215182.1273,3238302.6133
1,"植被","darkgreen",120.547836720445,145.240376535305,84.0610696433414,-9215150.1273,3238403.1133
5,"道路","gray",99.377447357024,104.384497857452,100.271497099837,-9215128.6273,3238392.6133
2,"民居","orange",124.593619673513,102.611662125358,79.0154314331282,-9215164.1273,3238319.1133
7,"水体","black",11,14.186431221664,16,-9215057.1273,3238252.1133
5,"道路","gray",105.500372838229,110.248210616015,107.235986944288,-9215085.1273,3238303.6133
1,"植被","darkgreen",34.9511799886384,50.8406533786632,32.7238135527468,-9215146.6273,3238379.1133
5,"道路","gray",89.3044557156674,103.074563183987,102.50083346716,-9215131.1273,3238393.1133
5,"道路","gray",111.954975709319,116.954975709319,111.335603745654,-9215101.1273,3238305.1133
1,"植被","darkgreen",69.0378828678329,76.2884901795586,36.3537595901688,-9215121.6273,3238212.6133
5,"道路","gray",117.260046015494,122.260046015494,116.260046015494,-9215101.1273,3238304.6133
1,"植被","darkgreen",65.8804398254899,83.3374025450496,45.9665143863706,-9215228.1273,3238437.1133
4,"球场","lightblue",127.227360773832,144.227360773832,160.724708713888,-9215165.6273,3238371.1133
1,"植被","darkgreen",108.267183737444,136.286984706571,78.6266841164728,-9215153.6273,3238401.6133
1,"植被","darkgreen",42.1117970131518,50.1977371829787,27.8920814941682,-9215215.1273,3238275.1133
1,"植被","darkgreen",54.4198480210703,61.3129670594469,44.7090862362005,-9215216.6273,3238275.1133
2,"民居","orange",183.86482039839,169.86482039839,134.86482039839,-9215201.6273,3238328.1133
5,"道路","gray",197.724452188984,196.724452188984,191.724452188984,-9215179.6273,3238298.6133
5,"道路","gray",134.238949040253,143.364089762314,137.232622126571,-9215089.1273,3238306.6133
1,"植被","darkgreen",47.8384396303111,67.0021900079843,37.9552721283929,-9215230.6273,3238438.1133
1,"植被","darkgreen",51.1522752331906,65.7588663069867,39.8077577234328,-9215223.6273,3238439.1133
5,"道路","gray",192.236294023693,192.236294023693,180.260467472848,-9215175.6273,3238300.6133
5,"道路","gray",99.4928255081177,101.492825508118,98.4928255081177,-9215131.6273,3238286.1133
2,"民居","orange",203,184.658369522542,144.341630477458,-9215204.1273,3238423.1133
5,"道路","gray",97.8696798468545,102.651749194653,101.577492041621,-9215109.6273,3238303.6133
1,"植被","darkgreen",88.358902786547,106.760328459656,47.1581477274493,-9215097.6273,3238213.1133
5,"道路","gray",195.141752544681,194.141752544681,189.141752544681,-9215178.6273,3238299.6133
2,"民居","orange",194.895626207814,172.895626207814,135.530405761674,-9215202.1273,3238424.6133
5,"道路","gray",104.770542681011,110.770542681011,108.770542681011,-9215106.6273,3238305.6133
2,"民居","orange",168.646442282763,156.745046298188,146.014811604452,-9215103.1273,3238352.6133
1,"植被","darkgreen",37.4477344484154,44.2121225309644,33.8975493510339,-9215214.6273,3238278.1133
2,"民居","orange",117.677467142041,95.994280917009,71.7797091290333,-9215158.1273,3238319.1133
4,"球场","lightblue",104.130649667295,121.130649667295,138.109365898277,-9215165.6273,3238370.1133
5,"道路","gray",96.4353588901101,106.041258964688,102.283019412309,-9215128.6273,3238395.1133
1,"植被","darkgreen",51.4998395943517,66.088574660706,45.5449008391988,-9215231.1273,3238436.1133
2,"民居","orange",184.422670365187,170.422670365187,135.422670365187,-9215203.1273,3238328.6133
1,"植被","darkgreen",61.8686263955169,78.8518087362752,40.9243238033668,-9215211.6273,3238268.1133
7,"水体","black",17,19,16,-9215084.1273,3238356.6133
2,"民居","orange",199.463423250842,186.752115084457,148.725633148104,-9215200.1273,3238322.6133
1,"植被","darkgreen",80.5425713686307,95.477306994381,56.2850654830734,-9215208.6273,3238266.6133
1,"植被","darkgreen",41.7698849724502,47.3559535058111,31.7314237790078,-9215213.1273,3238266.6133
1,"植被","darkgreen",117.505444888378,145.55538580101,80.301417799088,-9215152.6273,3238402.1133
1,"植被","darkgreen",51.3637682540687,76.6391663522977,37.1296202493418,-9215110.1273,3238211.1133
5,"道路","gray",98.3246255777776,100.324625577778,97.3246255777776,-9215129.6273,3238287.1133
2,"民居","orange",182.81911566481,157.927926707728,116.368698566868,-9215158.1273,3238231.6133
1,"植被","darkgreen",54.605072849558,57.6872322067035,35.8878277001177,-9215114.6273,3238213.6133
5,"道路","gray",113.372924595237,116.340471809827,108.337495293223,-9215088.6273,3238303.1133
2,"民居","orange",149.359139993053,121.42847023491,88.5959682143875,-9215102.1273,3238351.1133
1,"植被","darkgreen",75.8978708526982,90.2719904345253,55.5229526050389,-9215209.6273,3238267.6133
2,"民居","orange",185.81798331457,164.33906820505,119.568459665002,-9215157.6273,3238228.6133
1,"植被","darkgreen",28.1883003862805,41.778809081763,16.4447829128009,-9215119.1273,3238211.1133
7,"水体","black",17.2099473107203,19,16.0580788183554,-9215081.1273,3238355.6133
1,"植被","darkgreen",86.9919979329659,91.3643804242542,55.1270443607414,-9215100.1273,3238212.6133
6,"泳池","blue",89.0421677210898,193.512854851782,207.411859800221,-9215171.6273,3238337.6133
2,"民居","orange",173.637339415915,146.637339415915,113.709846924014,-9215156.1273,3238319.6133
5,"道路","gray",130.196826263095,134.337545393495,128.185604836556,-9215090.6273,3238305.6133
2,"民居","orange",165.318059090522,141.076048701999,102.076048701999,-9215199.1273,3238426.6133
5,"道路","gray",189.247585684061,189.247585684061,181.247585684061,-9215182.1273,3238296.6133
5,"道路","gray",197.802550626248,196.465626455843,190.534373544157,-9215180.6273,3238299.6133
7,"水体","black",11,14.3105450347066,16,-9215057.1273,3238252.1133
1,"植被","darkgreen",49.3835134742253,76.7119950202029,29.9080689897233,-9215108.6273,3238211.1133
4,"球场","lightblue",120.329108748585,137.557288659095,154.923030105709,-9215166.1273,3238370.6133
6,"泳池","blue",86.7129309938981,207.948286824649,220.135825210972,-9215172.1273,3238339.6133
1,"植被","darkgreen",89.1418566110535,97.0065498978822,56.0009013668625,-9215105.1273,3238213.1133
2,"民居","orange",179.033765961416,154.033765961416,113.840356049128,-9215155.1273,3238319.6133
1,"植被","darkgreen",100.764431615343,121.387490556558,63.0598613349549,-9215155.1273,3238406.1133
6,"泳池","blue",183.387708762521,225.87998433311,225.273980383691,-9215076.1273,3238380.6133
1,"植被","darkgreen",25.3627840111451,33.3668378532542,17.295041264989,-9215117.1273,3238211.6133
1,"植被","darkgreen",84.742127130725,110.233626637121,53.6301261065384,-9215098.6273,3238211.6133
6,"泳池","blue",149.703239969366,220.196226015415,226.196226015415,-9215172.6273,3238332.6133
2,"民居","orange",131.296043453469,111.604471056453,82.6205080573964,-9215167.1273,3238319.1133
2,"民居","orange",171.430663369596,150.804190249378,112.830605480084,-9215199.6273,3238425.1133
4,"球场","lightblue",132.761096684808,151.085842708511,170.591497660615,-9215173.1273,3238373.1133
1,"植被","darkgreen",61.840592238644,77.0376841668885,38.7778304177912,-9215100.1273,3238209.6133
2,"民居","orange",152.230741435072,120.230741435072,95.2340405788273,-9215102.6273,3238349.1133
1,"植被","darkgreen",10.2731677666306,25.0982477776706,8.09213856203688,-9215102.6273,3238212.1133
5,"道路","gray",108.331374235451,114.556840987082,109.942702788066,-9215074.1273,3238302.6133
5,"道路","gray",118.832255474292,120.04862631772,114.013204182575,-9215071.1273,3238305.6133
5,"道路","gray",96.7289166252907,102.624057262205,101.860217409938,-9215128.1273,3238393.1133
4,"球场","lightblue",105.525354454426,126.598497447624,149.820976604774,-9215174.6273,3238370.1133
2,"民居","orange",157.21911263559,124.60262490157,96.6880494837521,-9215100.1273,3238347.1133
4,"球场","lightblue",105.645927121663,125.468730801517,140.742998694802,-9215171.1273,3238370.1133
4,"球场","lightblue",145.668918154366,164.668918154366,179.668918154367,-9215171.1273,3238372.1133
5,"道路","gray",103.579831905554,109.456419542323,106.199498867257,-9215128.6273,3238391.6133
5,"道路","gray",191.483368106241,191.483368106241,179.703688567532,-9215175.6273,3238300.1133
2,"民居","orange",137.289385329009,106.497174017131,82.254238974303,-9215104.6273,3238348.1133
1,"植被","darkgreen",32.5947201770438,45.5800995544238,28.1821800783916,-9215146.1273,3238377.1133
1,"植被","darkgreen",49.6977958977222,55.0708475049998,36.9444183945863,-9215116.1273,3238213.1133
5,"道路","gray",97.9902969807696,103.99029698077,103.99029698077,-9215126.6273,3238394.6133
1,"植被","darkgreen",57.1918944064967,62.1918944064967,30.8555451622672,-9215123.6273,3238212.6133
2,"民居","orange",202.503687174991,188.503687174991,153.503687174991,-9215200.6273,3238324.6133
1,"植被","darkgreen",120.149245700307,144.746235665373,84.4936138638028,-9215151.6273,3238404.1133
1,"植被","darkgreen",84.6758874693707,94.3071017609464,56.2405349638491,-9215100.6273,3238211.6133
4,"球场","lightblue",132.676456118756,152.173665064209,167.249955812469,-9215171.1273,3238371.6133
2,"民居","orange",142.626068051221,110.626068051221,88.0870115489385,-9215103.6273,3238348.1133
6,"泳池","blue",87.2232266877004,215.507151781962,228.166318122298,-9215174.1273,3238342.6133
1,"植被","darkgreen",73.1626159961397,86.2321226870179,58.8841651857892,-9215209.6273,3238272.1133
3,"车库","white",254.057005423121,254.057005423121,254.057005423121,-9215168.6273,3238418.1133
2,"民居","orange",190.4119086486,176.4119086486,141.4119086486,-9215201.1273,3238331.1133
2,"民居","orange",187.955629987952,173.955629987952,138.955629987952,-9215201.6273,3238329.6133
1,"植被","darkgreen",96.7189700001597,108.122412547374,59.3154720555263,-9215121.1273,3238211.6133
1,"植被","darkgreen",21.9901756657035,26.5659950061222,21.9145712223809,-9215215.1273,3238278.1133
1,"植被","darkgreen",41.3611437909763,60.5917326191899,24.2114510667811,-9215213.6273,3238269.1133
2,"民居","orange",156.077296501882,124.173370188958,99.9495235634817,-9215102.6273,3238351.1133
7,"水体","black",11.5251920087935,15,16.0913648754358,-9215060.1273,3238250.1133
2,"民居","orange",206.697025865036,185.697025865036,140.697025865036,-9215170.1273,3238228.6133
2,"民居","orange",190.448116977422,170.42958559182,138.683850907823,-9215167.1273,3238317.6133
6,"泳池","blue",108.374681076447,205.570334685555,213.256890347639,-9215171.6273,3238336.6133
2,"民居","orange",158.525105668539,135.151736610876,95.8812855462415,-9215158.1273,3238316.1133
2,"民居","orange",152.650109325666,128.653214797378,95.6263080186019,-9215158.6273,3238315.6133
1,"植被","darkgreen",52.4970929902325,80.0274468827993,33.306875431938,-9215110.6273,3238209.6133
5,"道路","gray",129.265025065973,130.546715231915,113.16760932444,-9215085.6273,3238303.6133
5,"道路","gray",203.476379581218,201.049293891017,195.260502212594,-9215184.1273,3238298.1133
1,"植被","darkgreen",47.1637133230869,74.9778353525326,28.8366552033875,-9215110.6273,3238210.1133
6,"泳池","blue",110.199985173972,206.853834023944,214.783393161371,-9215172.1273,3238337.1133
5,"道路","gray",110.824726240255,116.824726240255,114.824726240255,-9215105.6273,3238304.6133
2,"民居","orange",162.518842482559,137.942187234654,94.237116386077,-9215197.6273,3238427.6133
2,"民居","orange",198.964773156353,184.964773156353,149.964773156353,-9215200.6273,3238326.6133
5,"道路","gray",197.05225121822,196.047275852412,190.952724147588,-9215180.6273,3238300.1133
4,"球场","lightblue",114.542472032922,138.242007767782,158.275163354444,-9215167.6273,3238369.6133
1,"植被","darkgreen",84.59395576946,93.6828119748042,57.3561197440589,-9215120.6273,3238210.1133
7,"水体","black",11.0852623619139,14.9147376380861,17.8294752761722,-9215056.6273,3238245.6133
4,"球场","lightblue",114.202560601054,133.069779535282,147.705713038791,-9215166.6273,3238370.6133
2,"民居","orange",154.182070145961,127.385297239212,96.3324776519213,-9215156.6273,3238318.6133
2,"民居","orange",180.060438324394,155.782533362103,110.553407594157,-9215206.1273,3238427.6133
2,"民居","orange",197.78472626674,176.575959491534,140.791171545624,-9215200.1273,3238424.6133
2,"民居","orange",186.55890031904,172.55890031904,137.55890031904,-9215202.6273,3238325.6133
1,"植被","darkgreen",58.0533863519634,85.1537396237254,42.0121372631435,-9215108.1273,3238210.6133
2,"民居","orange",181.553742169907,156.553742169907,116.332399297079,-9215155.1273,3238317.6133
5,"道路","gray",106.85533833278,108.85533833278,105.85533833278,-9215130.6273,3238284.6133
2,"民居","orange",203,184.263116382994,148,-9215199.6273,3238424.1133
1,"植被","darkgreen",69.3108089128509,85.3494997190732,48.7541334396228,-9215113.1273,3238210.1133
5,"道路","gray",96.7629257960277,102.762925796028,100.762925796028,-9215128.1273,3238285.1133
1,"植被","darkgreen",51.0116931411175,62.0549799349188,25.8709972655429,-9215123.6273,3238213.6133
5,"道路","gray",97.4993721880019,101.998744376004,103.24079207083,-9215100.1273,3238303.1133
1,"植被","darkgreen",95.2534203325227,126.253420332523,56.4725787247702,-9215155.6273,3238402.1133
4,"球场","lightblue",144.942266922673,160.585295666238,173.459051229517,-9215165.6273,3238368.1133
1,"植被","darkgreen",34.6559971776269,58.6976686064563,28.5895557534359,-9215144.6273,3238380.1133
1,"植被","darkgreen",80.4985805116594,95.5602486859666,39.8932258309967,-9215099.1273,3238213.1133
2,"民居","orange",110.925034354275,93.6884571767455,72.1291178118642,-9215162.1273,3238320.6133
5,"道路","gray",101.387752965093,103.387752965093,100.387752965093,-9215131.6273,3238286.1133
5,"道路","gray",135.052869617379,136.109623772463,125.223132082632,-9215072.6273,3238303.6133
5,"道路","gray",114.530627403313,118.530627403313,116.203867856222,-9215082.6273,3238306.1133
4,"球场","lightblue",123.36888112471,141.359427805697,155.393264584048,-9215166.6273,3238370.6133
5,"道路","gray",131.190906754791,129.190906754791,114.202588168583,-9215072.1273,3238305.1133
1,"植被","darkgreen",20.157392671313,26.0553409369235,15.8654822008496,-9215102.6273,3238210.6133
5,"道路","gray",196.646597237303,195.779619010142,188.646597237303,-9215183.1273,3238297.6133
5,"道路","gray",121.605975350365,126.605975350365,121.660465523469,-9215091.1273,3238306.1133
1,"植被","darkgreen",72.7702856792837,87.8527973713666,46.6414664371639,-9215124.1273,3238212.6133
5,"道路","gray",98.1144804087558,104.643690606579,104.114480408756,-9215128.1273,3238395.6133
7,"水体","black",9.14675434738813,13.1467543473881,16.1467543473881,-9215056.1273,3238249.1133
2,"民居","orange",168.906052024161,145.470552490179,113.916194213583,-9215162.1273,3238316.6133
5,"道路","gray",196.108777744932,193.544063612707,182.312505426705,-9215183.6273,3238300.6133
2,"民居","orange",183.975473277624,163.05374488607,120.982254550665,-9215171.6273,3238316.6133
7,"水体","black",12,13,15,-9215058.1273,3238247.1133
2,"民居","orange",152.032744050003,135.73705641178,112.431207830086,-9215160.6273,3238318.6133
6,"泳池","blue",171.251716643572,221.961076650769,223.615197243169,-9215079.1273,3238380.1133
5,"道路","gray",84.7726180455937,88.7726180455937,89.1220796807317,-9215126.6273,3238289.1133
5,"道路","gray",122.725870788097,127.725870788097,121.188012020662,-9215084.1273,3238304.6133
2,"民居","orange",178.049733821598,156.676474311988,119.021642591786,-9215167.1273,3238317.1133
2,"民居","orange",196.769356643781,182.769356643781,147.769356643781,-9215201.1273,3238325.1133
7,"水体","black",12,13,15,-9215058.1273,3238247.1133
1,"植被","darkgreen",41.8328720306361,51.1666094293925,29.7625098895389,-9215213.6273,3238275.6133
2,"民居","orange",194.745472772757,180.745472772757,145.745472772757,-9215201.1273,3238328.6133
1,"植被","darkgreen",81.1755724062779,99.1755724062779,59.5851867924262,-9215226.1273,3238437.6133
1,"植被","darkgreen",20.1571236607505,26.0500405918443,15.381134544581,-9215102.1273,3238211.1133
5,"道路","gray",103.541587746674,107.541587746674,106.541587746674,-9215110.1273,3238305.1133
2,"民居","orange",138.558819886297,110.558819886297,86.558819886297,-9215105.1273,3238351.1133
1,"植被","darkgreen",59.7836268958621,72.760986024978,46.1873968937419,-9215214.6273,3238271.6133
5,"道路","gray",99.7504786505625,103.248743697189,100.248743697189,-9215129.1273,3238286.6133
2,"民居","orange",165.434381849684,139.67842117659,101.759296960197,-9215153.6273,3238320.1133
1,"植被","darkgreen",39.6957891887966,51.617869716571,30.8377566232327,-9215216.6273,3238272.6133
5,"道路","gray",105.222382055655,109.932136262707,104.747318598442,-9215129.1273,3238394.6133
5,"道路","gray",196.959866895701,195.959866895701,190.959866895701,-9215177.6273,3238300.6133
2,"民居","orange",194.930945753377,186.370682810947,146.13278967171,-9215200.1273,3238331.1133
2,"民居","orange",153.981008764587,130.663228149239,106.455242087902,-9215102.1273,3238354.1133
1,"植被","darkgreen",59.3542679301567,70.5201109495267,41.0576160190581,-9215101.1273,3238212.1133
1,"植被","darkgreen",99.5384423371659,128.381256448105,66.6906282240525,-9215156.1273,3238403.1133
1,"植被","darkgreen",90.9674810292014,88.0866698697024,52.9674810292014,-9215099.1273,3238212.1133
1,"植被","darkgreen",22.934110481292,35.7943416182028,13.6592000257147,-9215143.1273,3238377.1133
5,"道路","gray",197.525607814081,196.726383360103,190.722505629994,-9215180.6273,3238298.1133
5,"道路","gray",87.5308914043681,99.519603758119,98.268470053561,-9215131.6273,3238395.1133
5,"道路","gray",109.334320657303,111.543162063112,111.591791954239,-9215090.1273,3238303.6133
6,"泳池","blue",145.666913061403,219,226.333086938597,-9215082.6273,3238379.1133
2,"民居","orange",177.679003580571,159.326284627528,119.59082384231,-9215169.1273,3238317.1133
5,"道路","gray",180.349952611445,177.349952611445,166.39859092502,-9215174.6273,3238296.1133
5,"道路","gray",185.801125935385,185.801125935385,173.801125935385,-9215179.1273,3238295.1133
1,"植被","darkgreen",48.7543173941064,67.5406778818554,27.4148713478915,-9215100.1273,3238209.6133
1,"植被","darkgreen",64.6816856182218,78.6320052128285,49.3900422267616,-9215214.6273,3238271.1133
1,"植被","darkgreen",65.4231986796361,84.8777985604847,46.989923298881,-9215214.6273,3238268.6133
1,"植被","darkgreen",51.8128915594509,79.8128915594509,31.1011258473238,-9215111.1273,3238209.6133
7,"水体","black",10,14,17,-9215055.6273,3238248.6133
7,"水体","black",11,12,16,-9215056.1273,3238251.1133
5,"道路","gray",134.39191812734,135.826826459644,125.69664312425,-9215074.1273,3238303.6133
5,"道路","gray",96.9500474338067,102.950047433807,102.950047433807,-9215127.1273,3238393.1133
5,"道路","gray",198.836997009923,197.856106022482,192.848160662961,-9215176.1273,3238298.1133
7,"水体","black",17.5540151152481,19.8768867211137,16.8768867211137,-9215086.1273,3238355.6133
5,"道路","gray",104.240039608297,106.240039608297,103.240039608297,-9215129.6273,3238284.6133
5,"道路","gray",98.5045912470669,102.839396501498,103.176490891332,-9215101.6273,3238303.6133
2,"民居","orange",169.700313755631,149.113733431578,139.599702268387,-9215103.6273,3238353.6133
5,"道路","gray",187.266178922728,187.266178922728,179.266178922728,-9215182.6273,3238296.1133
1,"植被","darkgreen",68.7482074722648,84.6651730947196,43.8925111219287,-9215107.1273,3238213.1133
2,"民居","orange",179.752815677757,161.457586218575,132.363305590088,-9215173.6273,3238318.1133
4,"球场","lightblue",127.985806996934,149.730366763183,170.264581617423,-9215167.6273,3238367.6133
2,"民居","orange",195.841691200048,187.512179296702,149.793303705752,-9215199.6273,3238331.1133
1,"植被","darkgreen",49.3263299691225,59.8247326941595,36.1866137089873,-9215212.1273,3238278.1133
2,"民居","orange",203.90612985346,185.487809085879,148.90612985346,-9215197.1273,3238423.6133
2,"民居","orange",166.132422876735,144.01226967992,107.204112802164,-9215158.1273,3238316.6133
1,"植被","darkgreen",103.603677621111,124.727590040304,65.0196192339063,-9215155.1273,3238404.6133
2,"民居","orange",183.879293906038,155.984909367283,114.578152262142,-9215157.6273,3238230.6133
7,"水体","black",17.8311694841847,19.1447768677042,16.6863926164806,-9215082.6273,3238355.1133
5,"道路","gray",196.220609856775,193.911861202685,183.529358510865,-9215182.1273,3238299.6133
5,"道路","gray",89.0069587856706,93.6527941696696,94.1491599038418,-9215128.6273,3238290.1133
5,"道路","gray",97.3448137987557,103.344813798756,103.344813798756,-9215126.6273,3238394.1133
1,"植被","darkgreen",50.8341989497538,67.9147767176217,33.9368886792397,-9215216.1273,3238268.1133
5,"道路","gray",102.625236200622,104.625236200622,101.625236200622,-9215131.1273,3238287.6133
4,"球场","lightblue",123.183825470507,147.091912735254,166,-9215168.1273,3238371.6133
1,"植被","darkgreen",23.4258634623406,35.104946591459,17.0134361204791,-9215142.6273,3238379.1133
5,"道路","gray",133.476747323433,140.676493850412,136.463287179032,-9215089.6273,3238305.1133
2,"民居","orange",198.468496072037,187.924946678483,152.167899511115,-9215199.6273,3238331.6133
5,"道路","gray",199.745923452667,196.745923452666,188.655223513022,-9215181.6273,3238298.6133
1,"植被","darkgreen",12.9000976294811,22.2142088547881,6.95417920728878,-9215217.1273,3238280.1133
7,"水体","black",16.9747123939154,18.9747123939154,16.9413400027689,-9215080.6273,3238356.1133
5,"道路","gray",110.184436882252,116.184436882252,114.184436882252,-9215105.6273,3238305.6133
5,"道路","gray",99.8041074462235,102.726763461346,99.6531395465136,-9215131.6273,3238288.1133
5,"道路","gray",94.0383888958317,99.0383888958317,95.0383888958317,-9215129.1273,3238289.1133
2,"民居","orange",203.261667333543,186,147.523334667087,-9215197.6273,3238423.1133
7,"水体","black",10.8582784142345,14.8582784142345,17.8582784142345,-9215056.1273,3238245.6133
1,"植被","darkgreen",71.1390541623469,80.0957790857748,41.2643400600747,-9215105.6273,3238212.6133
1,"植被","darkgreen",114.645745617204,141.533571465739,77.6332312457795,-9215152.1273,3238404.1133
4,"球场","lightblue",114.749379962987,138.439372312582,157.031324996935,-9215172.1273,3238369.6133
5,"道路","gray",105.654475987398,111.654475987398,109.654475987398,-9215108.1273,3238305.6133
4,"球场","lightblue",140.070397389831,158.662086632812,173.069040224665,-9215166.6273,3238372.1133
1,"植被","darkgreen",116.840218034898,145.129944339395,80.0376436238636,-9215152.6273,3238402.6133
2,"民居","orange",166.446720986627,143.803128706644,102.247495184124,-9215200.6273,3238426.1133
2,"民居","orange",136.730589230545,117.410084981471,90.6266466213994,-9215170.1273,3238319.1133
5,"道路","gray",103.143919522563,107.194884056846,107.041990453997,-9215083.6273,3238303.1133
2,"民居","orange",183.605076562613,161.605076562613,122.911556158215,-9215202.6273,3238425.1133
4,"球场","lightblue",129.156880393624,150.156880393624,170.949561824125,-9215173.6273,3238368.6133
1,"植被","darkgreen",109.510724419204,119.956112332826,68.4220064357457,-9215111.1273,3238213.6133
5,"道路","gray",108.334667345528,114.334667345528,112.334667345528,-9215105.1273,3238303.1133
6,"泳池","blue",84.3798207072541,209.363010681987,223.983189974733,-9215174.1273,3238339.6133
2,"民居","orange",181.280394193869,156.280394193869,117.099864580821,-9215155.1273,3238319.1133
5,"道路","gray",92.592068196955,97.2457548270646,97.1809895584682,-9215131.1273,3238396.6133
2,"民居","orange",203.478628800251,186,147.957257600501,-9215197.6273,3238423.1133
5,"道路","gray",136.888948835639,136.888948835639,128.234069420231,-9215070.6273,3238305.1133
4,"球场","lightblue",128.454713989049,149.469622449668,169.06082591787,-9215168.1273,3238368.6133
2,"民居","orange",194.255425354526,170.872112720273,131.204124606275,-9215166.1273,3238229.6133
2,"民居","orange",161.031787260881,139.122315536699,89.3939003641514,-9215200.1273,3238428.1133
1,"植被","darkgreen",70.9619798778893,87.9619798778893,53.5507261543276,-9215227.1273,3238439.6133
5,"道路","gray",102.064091773704,107.16425471846,106.159340594366,-9215110.1273,3238302.6133
2,"民居","orange",168.209433419577,143.353085275633,105.088384265027,-9215167.1273,3238231.1133
2,"民居","orange",193.478049061118,188.561474546648,146.834784119462,-9215200.1273,3238331.1133
5,"道路","gray",100.937348846346,106.853061979943,105.692913307183,-9215127.1273,3238285.6133
1,"植被","darkgreen",50.3917629246301,78.3072025595133,27.7217547247253,-9215099.1273,3238210.1133
5,"道路","gray",193.385154157851,193.385154157851,182.227425005261,-9215175.6273,3238299.6133
1,"植被","darkgreen",32.9515606996475,39.9501343195198,23.4568063486367,-9215118.6273,3238210.6133
5,"道路","gray",103.520715925843,105.520715925843,102.520715925843,-9215131.1273,3238285.6133
1,"植被","darkgreen",46.0839443529761,58.7538067063245,35.9157946794908,-9215216.6273,3238269.1133
1,"植被","darkgreen",74.2929317150324,87.9536776905938,59.9814574332039,-9215209.1273,3238279.6133
1,"植被","darkgreen",48.0903640314937,65.0731823219409,39.9514675558756,-9215222.1273,3238436.1133
1,"植被","darkgreen",26.2484629958399,39.1673660486467,14.706953162653,-9215216.1273,3238270.1133
5,"道路","gray",183.648399210395,183.648399210395,172.016530635413,-9215177.1273,3238295.6133
1,"植被","darkgreen",72.5839491675666,84.4517792186402,51.07331674202,-9215210.1273,3238273.1133
5,"道路","gray",197.543317519128,194.636881118413,184.948049295467,-9215183.1273,3238299.1133
5,"道路","gray",187.442156549543,187.442156549543,179.442156549543,-9215181.6273,3238296.1133
6,"泳池","blue",188.859345347979,225.333933703601,225.827201931451,-9215075.6273,3238381.6133
1,"植被","darkgreen",84.3531620292147,94.341977362909,61.1372996487244,-9215101.1273,3238210.1133
5,"道路","gray",101.665851793722,105.703974144303,104.084053070284,-9215071.1273,3238306.6133
6,"泳池","blue",183.838926937672,221.761822770269,225.987006007452,-9215076.1273,3238379.6133
1,"植被","darkgreen",28.7458429856909,36.9870165676774,20.063374914276,-9215116.6273,3238211.6133
5,"道路","gray",101.429967901188,107.376965521353,105.376965521353,-9215128.1273,3238284.6133
5,"道路","gray",150.543341550357,147.996050848007,138.038275054968,-9215088.1273,3238305.1133
5,"道路","gray",93.5330803820706,95.0825094936573,98.5023382872186,-9215131.1273,3238395.6133
6,"泳池","blue",152.600485161074,214.811095068359,225.624958112836,-9215174.1273,3238333.6133
1,"植被","darkgreen",62.2701598008162,77.9650748243398,38.0043527963881,-9215100.1273,3238209.6133
7,"水体","black",13.7921841479838,14.7921841479838,16.7921841479838,-9215060.1273,3238249.6133
6,"泳池","blue",153.53397759024,215.545372795052,226.903566945344,-9215174.1273,3238334.1133
2,"民居","orange",169.162725770176,134.700484226283,108.113265966327,-9215101.1273,3238345.1133
1,"植被","darkgreen",37.6399467539383,44.3396702658219,28.4337385705589,-9215215.1273,3238276.1133
5,"道路","gray",115.438005669042,119.001377840299,114.345499316934,-9215079.1273,3238303.6133
5,"道路","gray",112.402621102558,116.402621102558,116.078005317637,-9215085.1273,3238306.6133
1,"植被","darkgreen",70.2446760681883,79.7441632728324,45.4246594486058,-9215100.6273,3238212.6133
1,"植被","darkgreen",28.9499927730542,48.1426774849427,12.9903633450502,-9215103.6273,3238212.1133
7,"水体","black",10.8929232731462,13,15.0535383634269,-9215057.1273,3238249.1133
1,"植被","darkgreen",41.2418802710139,50.7546068955102,27.5541542375317,-9215211.6273,3238274.6133
1,"植被","darkgreen",34.4551722950813,41.9120627533224,23.6139539924653,-9215215.1273,3238275.6133
7,"水体","black",11.4288083296908,15,16,-9215060.6273,3238250.6133
2,"民居","orange",132.687439640856,116.687439640856,91.83022057811,-9215161.1273,3238318.6133
1,"植被","darkgreen",121.683065694651,148.532024856551,88.3608674448385,-9215150.6273,3238403.1133
1,"植被","darkgreen",72.7400094402438,89.6588188376593,50.3908782117069,-9215210.1273,3238268.1133
5,"道路","gray",104.539158798754,108.673948498443,107.134789699689,-9215099.1273,3238306.1133
3,"车库","white",251.876049187935,251.876049187935,251.364641693391,-9215168.6273,3238415.1133
2,"民居","orange",179.347649611375,154.347649611375,114.337597641936,-9215155.1273,3238318.1133
7,"水体","black",15.0178344383344,17.0178344383344,14.3754276236027,-9215080.6273,3238355.6133
2,"民居","orange",164.558552378045,142.328598195875,98.8278524997652,-9215203.6273,3238427.1133
4,"球场","lightblue",136.824430212488,154.746452171465,168.980386294534,-9215166.6273,3238371.1133
1,"植被","darkgreen",56.0756431358223,85.3971389184062,31.352973228908,-9215099.6273,3238210.1133
1,"植被","darkgreen",16.1392482370138,24.9264224811556,13.2551835136686,-9215103.1273,3238211.6133
1,"植被","darkgreen",109.819620711814,134.819620711814,76.8297143346549,-9215150.6273,3238400.6133
5,"道路","gray",101.313754861243,106.313754861243,102.313754861243,-9215130.1273,3238290.6133
5,"道路","gray",191.909762859344,191.909762859344,179.909762859344,-9215177.6273,3238297.1133
1,"植被","darkgreen",56.5400354981083,61.1156334932337,33.0381712735457,-9215104.6273,3238209.6133
5,"道路","gray",95.4775616785335,99.0686595606529,95.2884833233255,-9215129.1273,3238288.1133
1,"植被","darkgreen",92.9933279611018,85.7268695251864,54.9933279611018,-9215099.6273,3238212.1133
5,"道路","gray",118.387442752718,126.273220936534,112.187845771898,-9215088.6273,3238303.6133
7,"水体","black",17.3233348631223,19.0966582137083,16.226676649414,-9215082.6273,3238355.6133
2,"民居","orange",170.291613305654,144.291613305654,107.703338096584,-9215153.6273,3238319.1133
2,"民居","orange",169.524704196437,147.009257706814,106.833820766716,-9215203.6273,3238425.6133
5,"道路","gray",198.684043838807,197.684043838807,192.684043838807,-9215179.1273,3238299.1133
1,"植被","darkgreen",9.04091557070329,15.020491939038,17.5433310605586,-9215145.1273,3238376.1133
2,"民居","orange",203.646438068887,184.079963857484,144.507447067069,-9215204.6273,3238423.6133
1,"植被","darkgreen",89.9854720362413,106.369357955068,54.7290860807836,-9215098.6273,3238211.6133
5,"道路","gray",98.561332810804,105.662610523004,103.295960387748,-9215080.6273,3238302.6133
2,"民居","orange",166.188013347664,144.09084729265,104.26412883228,-9215168.1273,3238230.6133
1,"植被","darkgreen",28.6925807530403,41.0047222085571,15.7863902187249,-9215215.6273,3238270.1133
6,"泳池","blue",148.758785589598,220.183366761543,227.357030421412,-9215081.6273,3238379.1133
5,"道路","gray",93.846679314971,98.846679314971,94.846679314971,-9215129.1273,3238289.6133
7,"水体","black",11.0467423424125,14.9532576575875,17.9065153151751,-9215056.6273,3238246.1133
1,"植被","darkgreen",24.4926604664125,30.4926604664125,16.3337470871485,-9215216.1273,3238280.1133
5,"道路","gray",206.362642126252,205.31850604308,138.845466127201,-9215086.6273,3238305.1133
6,"泳池","blue",84.0899500884116,206.941201388836,221.795540767677,-9215173.6273,3238339.6133
6,"泳池","blue",87.1722034625709,214.92964528124,227.538609484491,-9215174.1273,3238342.6133
6,"泳池","blue",98.940981362015,204.68363635444,216.938704729394,-9215173.6273,3238337.6133
2,"民居","orange",138.450232631091,122.154549278938,91.46447197174,-9215171.6273,3238319.1133
7,"水体","black",16.944785064597,18.944785064597,15.944785064597,-9215085.1273,3238356.6133
1,"植被","darkgreen",25.5249920547388,37.445732750409,19.5815563573697,-9215106.1273,3238211.1133
2,"民居","orange",200.234699396247,187.134340517908,151.973788669942,-9215199.6273,3238326.6133
2,"民居","orange",196.750028539573,188.3406972905,153.796211753164,-9215199.1273,3238330.6133
5,"道路","gray",184.376575622999,184.376575622999,172.376575622999,-9215178.1273,3238295.1133
5,"道路","gray",107.26598662883,111.898979943246,109.226839598268,-9215094.6273,3238306.1133
1,"植被","darkgreen",95.2134601626674,126.213460162667,57.2972932239866,-9215155.6273,3238402.1133
1,"植被","darkgreen",66.3721610308466,84.2560621099542,48.0508457721052,-9215228.6273,3238437.1133
4,"球场","lightblue",128.628623232245,149.628623232245,170.46178138181,-9215173.1273,3238368.6133
5,"道路","gray",94.0394602202789,102.758536701743,105.302632341968,-9215130.6273,3238393.6133
2,"民居","orange",119.907694071199,101.606305169806,66.6186787315112,-9215167.6273,3238320.1133
2,"民居","orange",179.947340597889,151.269809390909,109.642649590528,-9215158.1273,3238230.6133
5,"道路","gray",201.813127899542,200.813127899542,195.813127899542,-9215177.6273,3238299.1133
1,"植被","darkgreen",122.469107481344,145.463296076907,88.8093654926286,-9215150.6273,3238404.1133
2,"民居","orange",185.365856649386,171.365856649386,136.365856649386,-9215202.6273,3238331.1133
5,"道路","gray",146.497690239787,148.195933483541,142.733433127403,-9215078.1273,3238306.1133
1,"植被","darkgreen",72.5234756632585,85.3066054233227,57.9572161431301,-9215209.6273,3238277.1133
2,"民居","orange",180.370523043523,159.370523043523,114.751315769354,-9215208.6273,3238425.6133
1,"植被","darkgreen",72.1904193320385,89.1351617713246,53.7119853467468,-9215226.1273,3238438.6133
7,"水体","black",18.5145066194236,20.5145066194236,17.5145066194236,-9215087.1273,3238356.1133
1,"植被","darkgreen",63.3155076350793,77.3155076350793,49.0434099778905,-9215208.6273,3238279.6133
2,"民居","orange",180.428636928486,160.162723971531,132.254378495738,-9215156.1273,3238315.1133
2,"民居","orange",186.020638406032,172.020638406032,137.020638406032,-9215202.1273,3238330.6133
1,"植被","darkgreen",18.0170634659026,31.5407868316416,14.6796330176294,-9215142.1273,3238380.1133
6,"泳池","blue",181.707224398075,223.501510099456,221.6723574461,-9215076.1273,3238380.6133
3,"车库","white",254.029196469755,253.568244054272,252.677965176002,-9215171.6273,3238416.6133
5,"道路","gray",160.187133347634,158.187133347634,143.187133347634,-9215075.1273,3238305.1133
5,"道路","gray",102.585301780298,106.585301780298,105.694407030165,-9215098.6273,3238303.6133
2,"民居","orange",200.78924356401,182.923567135906,141.670981227789,-9215161.6273,3238229.1133
5,"道路","gray",184.811974734068,184.811974734068,172.811974734068,-9215177.6273,3238296.1133
1,"植被","darkgreen",50.274357971602,59.1231712633551,40.7869962499075,-9215212.6273,3238278.1133
2,"民居","orange",157.637146316373,124.265476501825,99.6375506190569,-9215100.6273,3238351.6133
5,"道路","gray",198.504360795021,195.504360795021,189.609767055139,-9215182.6273,3238298.1133
2,"民居","orange",175.9060420966,151.931723047884,115.512452925508,-9215159.1273,3238316.1133
2,"民居","orange",202.300871629287,193.527201617175,157.586096121018,-9215199.6273,3238332.1133
7,"水体","black",12,13,15,-9215058.1273,3238248.6133
2,"民居","orange",166.139136180358,143.274246161395,103.430406921097,-9215205.1273,3238425.6133
5,"道路","gray",131.733053414773,129.733053414773,114.737054252999,-9215072.1273,3238305.1133
2,"民居","orange",160.315768811435,129.315768811435,101.195946781063,-9215101.1273,3238346.6133
6,"泳池","blue",123.441749371777,204.241997738258,216.48715778377,-9215171.6273,3238334.6133
1,"植被","darkgreen",31.1064780916501,38.724691825629,22.9035581543006,-9215212.6273,3238279.1133
5,"道路","gray",103.593054108363,110.493329957128,109.193653226065,-9215075.1273,3238302.6133
1,"植被","darkgreen",78.0776275896099,96.479864411017,54.8276620581356,-9215228.1273,3238435.6133
2,"民居","orange",159.240119022865,136.967713844394,97.7122246589414,-9215157.6273,3238316.6133
2,"民居","orange",148.074496166754,131.789814968037,95.8130507334235,-9215101.6273,3238352.1133
2,"民居","orange",176.510640493393,155.413265649194,116.958040716358,-9215169.6273,3238316.6133
5,"道路","gray",119.065996984276,129.163890112278,116.901509934192,-9215089.1273,3238303.6133
5,"道路","gray",105.391537307762,111.391537307762,109.391537307762,-9215105.6273,3238305.6133
5,"道路","gray",116.874578224364,119.412301452699,109.596390283404,-9215085.6273,3238303.6133
2,"民居","orange",186.506056137311,166.121850034222,137.631074413657,-9215174.1273,3238318.1133
5,"道路","gray",110.360240746289,115.360240746289,110.400171961635,-9215103.6273,3238305.6133
5,"道路","gray",97.1842296780388,103.882340176249,103.167551748455,-9215131.1273,3238393.1133
2,"民居","orange",170.699727286714,150.119528299062,102.201967710358,-9215204.6273,3238428.1133
2,"民居","orange",166.314119949937,148.446065641076,101.690948497504,-9215164.1273,3238231.6133
1,"植被","darkgreen",39.721432606636,56.9710062260257,36.1583426050413,-9215146.6273,3238379.1133
5,"道路","gray",130.599672091462,135.596428240649,127.837126137957,-9215081.1273,3238305.1133
2,"民居","orange",193.032918329351,179.032918329351,144.032918329351,-9215201.1273,3238326.1133
4,"球场","lightblue",145.877289301338,161.551003176836,174.551003176836,-9215166.1273,3238369.1133
2,"民居","orange",132.889035090804,102.710192931015,81.9802098806425,-9215104.6273,3238353.1133
1,"植被","darkgreen",50.1784172080275,74.321112398841,30.075534555484,-9215098.1273,3238209.6133
1,"植被","darkgreen",81.0884246435016,94.0884246435016,65.1335714533925,-9215212.1273,3238272.1133
5,"道路","gray",206.566220803297,203.566220803297,195.94711733615,-9215181.6273,3238302.6133
1,"植被","darkgreen",112.739134101552,110.855025759225,85.744244047731,-9215124.1273,3238211.1133
4,"球场","lightblue",124.895963926112,147.94047507178,165.452596078627,-9215172.6273,3238368.6133
5,"道路","gray",106.423973735422,111.403721844113,105.652799797511,-9215093.6273,3238304.1133
4,"球场","lightblue",123.392422441393,144.151140745886,159.353629897349,-9215171.6273,3238372.6133
1,"植被","darkgreen",33.076626332646,51.4933518414905,14.7199025854057,-9215103.6273,3238212.1133
2,"民居","orange",161.669416353106,136.689555056393,98.3841947720675,-9215200.1273,3238427.1133
1,"植被","darkgreen",71.4077707324763,80.8502625357945,58.9954969734539,-9215210.6273,3238275.6133
2,"民居","orange",199.303535804437,189.988565715385,155.255359307642,-9215199.1273,3238331.1133
1,"植被","darkgreen",102.642356236654,110.297384640717,62.9701487781039,-9215127.6273,3238212.6133
2,"民居","orange",187.470790964407,173.470790964407,138.470790964407,-9215201.6273,3238331.1133
2,"民居","orange",201.967170488314,188.284347936877,152.579300076136,-9215200.6273,3238325.1133
2,"民居","orange",130.920742940934,102.920742940934,78.9207429409342,-9215106.1273,3238353.6133
6,"泳池","blue",151.175391040742,220.381126284599,228.239168479992,-9215083.1273,3238381.6133
1,"植被","darkgreen",109.957013010951,126.921138979467,69.2772589260712,-9215154.1273,3238405.6133
1,"植被","darkgreen",87.3415874882553,102.341587488255,63.0218709518153,-9215208.6273,3238267.1133
5,"道路","gray",204.067995240062,201.373040543019,193.88892977701,-9215181.6273,3238302.6133
1,"植被","darkgreen",50.6728551864803,76.957844676654,31.3443415002987,-9215109.6273,3238210.6133
5,"道路","gray",196.856303497189,195.856303497189,190.856303497189,-9215180.1273,3238299.1133
2,"民居","orange",149.546575868275,138.428465157122,105.683907386756,-9215102.1273,3238352.1133
5,"道路","gray",99.5869072982997,103.624327186023,105.19080130616,-9215102.1273,3238306.6133
2,"民居","orange",195.432779500261,175.432779500261,140.405988506002,-9215197.6273,3238424.6133
5,"道路","gray",120.774020307697,125.774020307697,119.774020307697,-9215096.6273,3238305.1133
2,"民居","orange",157.24198356318,132.432314281185,104.086729734622,-9215157.1273,3238317.1133
6,"泳池","blue",73.4409130862129,182.834993559323,204.367296583406,-9215171.6273,3238339.1133
1,"植被","darkgreen",50.3408045071152,77.8606522084642,29.5254607035251,-9215109.1273,3238210.6133
2,"民居","orange",157.237091302143,123.950621882832,97.5343787044123,-9215100.1273,3238350.1133
2,"民居","orange",164.397933498746,130.510664575523,103.485086532609,-9215100.1273,3238345.6133
2,"民居","orange",188.277212070301,173.336992811412,136.127982409042,-9215203.1273,3238331.6133
7,"水体","black",12.7791628213428,15,16.4978476362303,-9215060.6273,3238250.1133
2,"民居","orange",134.236554239032,110.015288540507,79.7173980380477,-9215104.6273,3238351.1133
6,"泳池","blue",162.183122267947,225.202814729723,233.041534775546,-9215081.6273,3238381.6133
2,"民居","orange",161.614195927978,139.921293891966,100.389350840053,-9215198.6273,3238426.1133
7,"水体","black",9.22792019695044,13,15.8860399015248,-9215056.6273,3238249.1133
6,"泳池","blue",164.604265562761,211.461934134364,211.364393044692,-9215076.6273,3238381.1133
1,"植被","darkgreen",67.1480543781072,81.508549211951,48.7371606508549,-9215209.6273,3238269.6133
5,"道路","gray",106.753412106584,111.655181140217,111.655181140217,-9215084.1273,3238302.6133
1,"植被","darkgreen",78.64742900893,86.2175980032971,54.4158659325531,-9215123.1273,3238210.1133
5,"道路","gray",97.980002774857,102.980002774857,98.980002774857,-9215129.6273,3238291.1133
1,"植被","darkgreen",46.1674678353593,51.0547571349967,22.5360213033855,-9215122.6273,3238213.1133
2,"民居","orange",185.413238438778,166.957901264284,133.468006278388,-9215170.1273,3238317.6133
4,"球场","lightblue",107.038484449105,127.685070608887,144.720073960597,-9215169.6273,3238369.6133
2,"民居","orange",128.486256340562,111.050620440437,76.7144646271192,-9215171.6273,3238320.1133
1,"植被","darkgreen",71.2952746180682,87.9674023492126,56.9464197566624,-9215212.6273,3238270.1133
5,"道路","gray",190.531670838594,190.531670838594,178.614030191599,-9215175.6273,3238300.1133
2,"民居","orange",157.583959214069,126.583959214069,98.4252641399503,-9215100.6273,3238349.6133
